index,location,Actual_jobs,Actual_jobs_first
1876,"Calgary, AB",915,9
1726,"Greater Sudbury, ON",809,8
425,"Montréal, QC",792,7
797,"Ottawa, ON",717,7
1939,"Edmonton, AB",706,7
2256,"Kamloops, BC",686,6
2426,"Prince George, BC",659,6
2225,"Vancouver, BC",655,6
467,"Sherbrooke, QC",625,6
664,"Quebec City, QC",616,6
2255,"Kelowna, BC",555,5
1875,"Red Deer, AB",542,5
368,"Fredericton, NB",524,5
828,"Toronto, ON",509,5
2164,"Fort McMurray, AB",507,5
2222,"Abbotsford, BC",503,5
1998,"Lethbridge, AB",492,4
2198,"Grande Prairie, AB",477,4
1315,"Windsor, ON",471,4
1242,"Peterborough, ON",469,4
2223,"Burnaby, BC",466,4
2227,"Langley, BC",440,4
150,"Saint John, NB",435,4
226,"Halifax, NS",424,4
2281,"Victoria, BC",384,3
1210,"Brampton, ON",375,3
1357,"London, ON",372,3
3,"Moncton, NB",371,3
2384,"Penticton, BC",365,3
2242,"Richmond, BC",357,3
2224,"Surrey, BC",353,3
1191,"North Bay, ON",351,3
1247,"Barrie, ON",351,3
2282,"Nanaimo, BC",347,3
507,"Laval, QC",338,3
468,"Drummondville, QC",336,3
796,"Gatineau, QC",329,3
1228,"Burlington, ON",326,3
1451,"Belleville, ON",322,3
741,"Trois-Rivières, QC",317,3
1933,"Medicine Hat, AB",316,3
1215,"Markham, ON",315,3
2361,"Fort St. John, BC",314,3
1495,"Kingston, ON",306,3
2288,"Campbell River, BC",295,2
1205,"Mississauga, ON",295,2
432,"Brossard, QC",294,2
1232,"Vaughan, ON",285,2
7,"Charlottetown, PE",275,2
637,"Timmins, ON",265,2
2254,"Vernon, BC",260,2
1323,"Chatham-Kent, ON",254,2
434,"Granby, QC",253,2
447,"Saint-Hyacinthe, QC",252,2
2230,"Chilliwack, BC",250,2
1224,"Hamilton, ON",246,2
2439,"Terrace, BC",242,2
1268,"Cambridge, ON",238,2
1831,"Thunder Bay, ON",237,2
1676,"Sault Ste. Marie, ON",233,2
568,"Val-d'Or, QC",232,2
231,"Dartmouth, NS",224,2
2462,"Whitehorse, YT",223,2
1298,"Guelph, ON",222,2
960,"Rivière-du-Loup, QC",221,2
561,"Chicoutimi, QC",219,2
1273,"Waterloo, ON",218,2
688,"Saint-Georges, QC",216,2
1237,"Oakville, ON",213,2
2289,"Courtenay, BC",209,2
2073,"Cranbrook, BC",200,2
597,"Rimouski, QC",196,1
740,"Shawinigan, QC",189,1
662,"Lévis, QC",189,1
2434,"Williams Lake, BC",188,1
2470,"Yellowknife, NT",179,1
652,"Blainville, QC",179,1
569,"Rouyn-Noranda, QC",174,1
814,"Cornwall, ON",173,1
2235,"Coquitlam, BC",172,1
735,"Victoriaville, QC",164,1
2134,"Lloydminster, AB",161,1
1960,"Spruce Grove, AB",161,1
1316,"Leamington, ON",159,1
2232,"North Vancouver, BC",158,1
448,"Saint-Jean-sur-Richelieu, QC",157,1
1551,"Owen Sound, ON",155,1
1991,"Banff, AB",154,1
1275,"Brantford, ON",153,1
954,"Pembroke, ON",153,1
1269,"Collingwood, ON",152,1
1279,"Kitchener, ON",149,1
1808,"Kenora, ON",148,1
559,"Saguenay, QC",145,1
1235,"Milton, ON",142,1
679,"Thetford Mines, QC",137,1
2430,"Prince Rupert, BC",133,1
500,"Magog, QC",133,1
2250,"Port Coquitlam, BC",129,1
906,"Mont-Tremblant, QC",129,1
2286,"Duncan, BC",128,1
1474,"Bracebridge, ON",127,1
1217,"Newmarket, ON",127,1
2208,"Dawson Creek, BC",127,1
1157,"Sept-Îles, QC",127,1
1241,"Niagara Falls, ON",125,1
2117,"Hinton, AB",124,1
435,"Longueuil, QC",124,1
430,"Saint-Hubert, QC",124,1
616,"Mirabel, QC",123,1
1214,"Aurora, ON",120,1
1220,"St. Catharines, ON",119,1
287,"Miramichi, NB",118,1
1208,"Scarborough, ON",118,1
2446,"Kitimat, BC",117,1
1625,"Huntsville, ON",116,1
527,"Joliette, QC",115,1
806,"Brockville, ON",114,1
2438,"Smithers, BC",112,1
2435,"Quesnel, BC",110,1
2318,"Nelson, BC",108,1
560,"Jonquière, QC",108,1
598,"Baie-Comeau, QC",107,1
141,"Bridgewater, NS",107,1
1984,"Okotoks, AB",105,1
2391,"Merritt, BC",105,1
836,"Salaberry-de-Valleyfield, QC",104,1
518,"Terrebonne, QC",103,1
164,"Yarmouth, NS",103,1
289,"Bathurst, NB",102,1
2212,"Slave Lake, AB",100,1
1755,"Sioux Lookout, ON",100,1
1212,"Richmond Hill, ON",99,9
230,"Bedford, NS",98,9
1990,"Canmore, AB",97,9
337,"Edmundston, NB",97,9
2291,"Port Alberni, BC",96,9
472,"Repentigny, QC",96,9
91,"Antigonish, NS",95,9
538,"Alma, QC",94,9
805,"Kanata, ON",94,9
2061,"Cold Lake, AB",94,9
2072,"Fernie, BC",93,9
2378,"Golden, BC",93,9
480,"Anjou, QC",93,9
32,"Dieppe, NB",92,9
2257,"Revelstoke, BC",91,9
685,"Sainte-Marie, QC",90,9
1319,"Kingsville, ON",90,9
2118,"Jasper, AB",88,8
650,"Boisbriand, QC",87,8
2258,"Salmon Arm, BC",86,8
567,"Amos, QC",86,8
2093,"Whitecourt, AB",86,8
1575,"Parry Sound, ON",84,8
618,"Saint-Jérôme, QC",84,8
596,"Matane, QC",84,8
2472,"Iqaluit, NU",83,8
794,"Sainte-Agathe-des-Monts, QC",83,8
1376,"Stratford, ON",83,8
1361,"St. Thomas, ON",82,8
1204,"Ajax, ON",82,8
112,"Truro, NS",82,8
1041,"Mont-Laurier, QC",81,8
2319,"Trail, BC",81,8
2063,"Bonnyville, AB",81,8
99,"Amherst, NS",81,8
530,"Vaudreuil-Dorion, QC",77,7
2293,"Powell River, BC",77,7
437,"Beloeil, QC",76,7
441,"Boucherville, QC",76,7
2314,"Parksville, BC",75,7
1911,"Brooks, AB",75,7
1754,"Dryden, ON",75,7
109,"New Minas, NS",75,7
2094,"Edson, AB",75,7
1490,"Orillia, ON",73,7
11,"Summerside, PE",71,7
2385,"Osoyoos, BC",70,7
651,"Pointe-Claire, QC",69,6
1497,"Trenton, ON",69,6
2316,"Castlegar, BC",68,6
2383,"Oliver, BC",68,6
1993,"Lake Louise, AB",68,6
1768,"Fort Frances, ON",66,6
574,"La Sarre, QC",66,6
1618,"Sarnia, ON",66,6
89,"New Glasgow, NS",65,6
64,Canada,65,6
2237,"Delta, BC",65,6
1207,"Pickering, ON",64,6
649,"Sainte-Thérèse, QC",64,6
1227,"Caledon, ON",63,6
1560,"Midland, ON",63,6
2081,"Drayton Valley, AB",63,6
656,"Saint-Eustache, QC",62,6
1213,"North York, ON",62,6
1203,"Whitby, ON",62,6
1941,"Fort Saskatchewan, AB",62,6
2048,"High River, AB",61,6
2135,"Lloydminster, SK",61,6
528,"Kirkland, QC",60,6
1953,"Sherwood Park, AB",60,6
1225,"Concord, ON",58,5
1585,"Kincardine, ON",58,5
1914,"Taber, AB",58,5
1947,"St. Albert, AB",57,5
800,"Orleans, ON",57,5
1967,"Wetaskiwin, AB",57,5
981,"Gaspé, QC",57,5
1799,"Kapuskasing, ON",57,5
619,"Baie-d'urfe, QC",56,5
2229,"New Westminster, BC",56,5
1060,"Labrador City, NL",55,5
2427,"Vanderhoof, BC",55,5
953,"Arnprior, ON",55,5
2028,"Wainwright, AB",55,5
1573,"Hanover, ON",55,5
103,"Kentville, NS",55,5
753,"Lac-Mégantic, QC",55,5
2146,"Peace River, AB",55,5
912,"Chibougamau, QC",54,5
2177,"Kindersley, SK",54,5
1945,"Westlock, AB",54,5
1291,"Listowel, ON",54,5
1617,"Goderich, ON",54,5
147,"Greenwood, NS",53,5
225,"Lower Sackville, NS",53,5
296,"Campbellton, NB",52,5
1944,"Stony Plain, AB",52,5
2295,"Comox, BC",51,5
2010,"Pincher Creek, AB",51,5
307,"New Richmond, QC",51,5
2253,"Armstrong, BC",51,5
666,"Chaudière-Appalaches, QC",51,5
1879,"Olds, AB",50,5
456,"Saint-Laurent, QC",50,5
1297,"Kitchener-Waterloo, ON",50,5
1230,"Woodbridge, ON",49,4
2100,"High Level, AB",49,4
1887,"Cochrane, AB",49,4
1882,"Rocky Mountain House, AB",49,4
1222,"Etobicoke, ON",49,4
1492,"Greater Napanee, ON",49,4
1262,"Bolton, ON",49,4
2123,"Lac La Biche, AB",49,4
2231,"Maple Ridge, BC",48,4
1206,"Oshawa, ON",48,4
798,"Nepean, ON",48,4
756,"Sorel-Tracy, QC",47,4
443,"Châteauguay, QC",47,4
1950,"Leduc, AB",47,4
1483,"Muskoka, ON",47,4
2260,"West Kelowna, BC",47,4
290,"Atholville, NB",46,4
1487,"Gravenhurst, ON",46,4
471,"Dorval, QC",46,4
644,"Saint-Sauveur, QC",46,4
2292,"Qualicum Beach, BC",46,4
1226,"Cobourg, ON",45,4
2062,"St. Paul, AB",45,4
952,"Maniwaki, QC",45,4
1491,"Lindsay, ON",45,4
520,"Dollard-Des Ormeaux, QC",43,4
470,"Varennes, QC",42,4
1064,"Carleton Place, ON",41,4
714,"La Pocatiere, QC",41,4
1254,"Orangeville, ON",41,4
458,"Saint-Lambert, QC",41,4
2359,"Tofino, BC",40,4
143,"Digby, NS",40,4
1878,"Airdrie, AB",40,4
2364,"Chetwynd, BC",40,4
665,"Beauceville, QC",40,4
521,"Mascouche, QC",40,4
2095,"Vermilion, AB",39,3
2346,"Langford, BC",39,3
1244,"Grimsby, ON",39,3
1231,"Kawartha Lakes, ON",39,3
1234,"Alliston, ON",39,3
2236,"Lower Mainland, BC",39,3
1358,"Woodstock, ON",38,3
1999,"Claresholm, AB",38,3
624,"Kirkland Lake, ON",38,3
428,"Cowansville, QC",38,3
676,"Montmagny, QC",38,3
1567,"Walkerton, ON",38,3
2358,"Sechelt, BC",38,3
1092,"Saint-Augustin, QC",38,3
1071,"La Tuque, QC",37,3
1732,"Lively, ON",37,3
1299,"Shelburne, ON",37,3
1245,"Peel, ON",37,3
1940,"Camrose, AB",37,3
157,"Quispamsis, NB",36,3
2262,"Sun Peaks, BC",36,3
1665,"Smiths Falls, ON",36,3
240,"Sussex, NB",36,3
1318,"Amherstburg, ON",35,3
450,"Bromont, QC",35,3
369,"Oromocto, NB",35,3
661,"Rosemère, QC",35,3
2322,"Creston, BC",35,3
2246,"Hope, BC",35,3
1223,"York, ON",35,3
1954,"Nisku, AB",35,3
2329,British Columbia,35,3
460,"Lachine, QC",34,3
2031,"Stettler, AB",34,3
708,"Saint-Georges-de-Beauce, QC",34,3
1883,"Sylvan Lake, AB",34,3
338,"Grand Falls, NB",33,3
1704,"Cochrane, ON",33,3
197,"Port Hawkesbury, NS",33,3
2228,"Mission, BC",33,3
2450,"100 Mile House, BC",33,3
1885,"Ponoka, AB",33,3
382,"Woodstock, NB",32,3
543,"Roberval, QC",32,3
1321,"Tecumseh, ON",32,3
446,"Sainte-Julie, QC",32,3
1597,"Mount Forest, ON",32,3
464,"La Prairie, QC",32,3
626,"New Liskeard, ON",32,3
2103,"Valleyview, AB",32,3
846,"La Malbaie, QC",31,3
946,"Hawkesbury, ON",31,3
932,"Gaspésie-Îles-de-la-Madeleine, QC",31,3
674,"Sainte-Foy, QC",31,3
1886,"Lacombe, AB",31,3
2124,"Athabasca, AB",30,3
1434,"Campbellford, ON",30,3
1193,"Field, ON",30,3
1888,"Innisfail, AB",30,3
788,"Sainte-Adèle, QC",30,3
834,"Lachute, QC",30,3
2149,"Fairview, AB",29,2
2421,"Port Hardy, BC",29,2
459,"Saint-Bruno-de-Montarville, QC",29,2
2297,"Comox Valley, BC",29,2
210,"Inverness, NS",29,2
30,"Shediac, NB",29,2
1438,"Haliburton, ON",28,2
1043,"Laurentides, QC",28,2
812,"Stittsville, ON",28,2
160,"Rothesay, NB",28,2
1701,"Fort Erie, ON",28,2
2375,"Fort Nelson, BC",28,2
1666,"Perth, ON",28,2
2152,"Barrhead, AB",27,2
1119,"Saint-benoit-labre, QC",27,2
1266,"Innisfil, ON",27,2
1816,"Marathon, ON",27,2
695,"Baie-Saint-Paul, QC",27,2
1123,"Saint-ephrem-de-beauce, QC",27,2
986,"Petawawa, ON",27,2
1317,"Essex, ON",26,2
497,"Candiac, QC",26,2
1848,"Mitchell, ON",26,2
461,"Montréal-Est, QC",26,2
2104,"High Prairie, AB",26,2
2441,"Hazelton, BC",26,2
1943,"Morinville, AB",26,2
564,"La Baie, QC",26,2
2296,"Ladysmith, BC",25,2
436,"Ange-Gardien, QC",25,2
105,"Berwick, NS",25,2
438,"Saint-Constant, QC",25,2
1356,"Tillsonburg, ON",25,2
2047,"Sparwood, BC",25,2
532,"Lac-Saint-Jean, QC",25,2
2323,"Grand Forks, BC",25,2
693,"Capitale-Nationale, QC",24,2
2461,"Watson Lake, YT",24,2
1430,"Quinte West, ON",24,2
1549,"Wingham, ON",24,2
955,"Renfrew, ON",24,2
2234,"Aldergrove, BC",24,2
151,"Kingston, NS",24,2
1258,"Maple, ON",24,2
205,"Liscomb, NS",24,2
2003,"Fort Macleod, AB",24,2
1909,"Crossfield, AB",24,2
595,"Mont-Joli, QC",23,2
1729,"Val Caron, ON",23,2
75,"Montague, PE",23,2
107,"Wolfville, NS",23,2
1428,"Bancroft, ON",23,2
1292,"The Blue Mountains, ON",22,2
1353,"Aylmer, ON",22,2
536,"Saint-Félicien, QC",22,2
1325,"Blenheim, ON",22,2
622,"Haileybury, ON",22,2
1271,"Wasaga Beach, ON",22,2
1530,"Espanola, ON",22,2
110,"Windsor, NS",22,2
1775,"Port Elgin, ON",22,2
1526,"Elliot Lake, ON",22,2
2261,"Enderby, BC",22,2
159,"Middleton, NS",22,2
1884,"Blackfalds, AB",22,2
2283,"Gibsons, BC",22,2
2244,"Sidney, BC",22,2
1209,"York University (Keele campus), ON",21,2
224,"Lunenburg, NS",21,2
526,"L'Île-Perrot, QC",21,2
1296,"Thornbury, ON",21,2
663,"Saint-joseph-de-beauce, QC",21,2
579,"Vanier, QC",21,2
1901,"Red Deer County, AB",20,2
258,"Shelburne, NS",20,2
334,"Amqui, QC",20,2
1351,"Keswick, ON",20,2
1550,"Blue Mountains, ON",20,2
2203,"Beaverlodge, AB",20,2
576,"Malartic, QC",20,2
1964,"Vegreville, AB",20,2
1557,"Markdale, ON",20,2
315,"Bonaventure, QC",20,2
354,"Bas-Saint-Laurent, QC",19,1
1233,"Welland, ON",19,1
648,"Pierrefonds, QC",19,1
1599,"Durham, ON",19,1
95,"Stellarton, NS",19,1
802,"Hull, QC",19,1
2380,"Field, BC",19,1
706,"Beauce, QC",19,1
1871,"St. Marys, ON",19,1
1264,"Durham Region, ON",19,1
811,"Gloucester, ON",19,1
675,"Saint-Anselme, QC",19,1
1569,"Meaford, ON",19,1
2197,"Clairmont, AB",19,1
2243,"Pitt Meadows, BC",19,1
987,"Outaouais, QC",19,1
615,"Coteau-du-Lac, QC",19,1
1436,"Lakefield, ON",19,1
2002,"Coaldale, AB",19,1
778,"Yamachiche, QC",19,1
988,"Deep River, ON",19,1
2465,"Hay River, NT",19,1
2107,"Grimshaw, AB",19,1
1553,"Tiverton, ON",19,1
2245,"Port Moody, BC",19,1
1083,"Bourgeoys, QC",18,1
1063,"Côte-Nord, QC",18,1
1246,"Niagara-on-the-Lake, ON",18,1
1255,"Port Hope, ON",18,1
2024,"Drumheller, AB",18,1
2420,"Port McNeill, BC",18,1
985,"Chalk River, ON",18,1
2199,"Sexsmith, AB",18,1
22,"Bouctouche, NB",18,1
1601,"Palmerston, ON",18,1
728,"Saint-lambert-de-lauzon, QC",18,1
827,"Saint-André-Avellin, QC",18,1
2431,"Mill Bay, BC",18,1
525,"Senneville, QC",18,1
529,"L'Assomption, QC",18,1
476,"Mont-Saint-Hilaire, QC",18,1
1798,"Hearst, ON",18,1
2128,"Smoky Lake, AB",17,1
558,Quebec Province,17,1
2299,"Cumberland, BC",17,1
2239,"Metro Vancouver Regional District, BC",17,1
227,"Hammonds Plains, NS",17,1
2241,"West Vancouver, BC",17,1
1229,"Stoney Creek, ON",17,1
2247,"Tsawwassen, BC",17,1
489,"Saint-Mathieu-de-Beloeil, QC",17,1
5,"Kensington, PE",17,1
1453,"Lawrence, ON",17,1
2390,"Summerland, BC",17,1
763,"Bécancour, QC",17,1
442,"Chambly, QC",17,1
2404,"Princeton, BC",17,1
826,"Kemptville, ON",17,1
715,"Sainte-Marie-De-Beauce, QC",17,1
1591,"Arthur, ON",16,1
2440,"Houston, BC",16,1
455,"Saint-leonard, QC",16,1
1616,"Huron, ON",16,1
1894,"Didsbury, AB",16,1
115,"Sackville, NB",16,1
1322,"Oldcastle, ON",16,1
623,"Ville-Marie, QC",16,1
1725,"Chelmsford, ON",16,1
1221,"Thornhill, ON",16,1
1326,"Harrow, ON",16,1
1505,"Gananoque, ON",16,1
1395,"Seaforth, ON",16,1
1847,"Red Lake, ON",16,1
742,"Nicolet, QC",16,1
861,"Saint-Charles-Borromée, QC",16,1
1274,"Halton Hills, ON",16,1
848,"Port-Cartier, QC",16,1
1961,"Boyle, AB",15,1
452,"Lasalle, QC",15,1
1952,"Acheson, AB",15,1
303,"Tracadie, NB",15,1
427,"Montérégie, QC",15,1
545,"Dolbeau-mistassini, QC",15,1
799,"Cantley, QC",15,1
645,"Montreal-nord, QC",15,1
1524,"Little Current, ON",15,1
1336,"Wallaceburg, ON",15,1
2001,"Picture Butte, AB",15,1
1912,Alberta,15,1
2381,"Radium Hot Springs, BC",15,1
1502,"Brighton, ON",15,1
1106,"Morin-heights, QC",15,1
1494,"Picton, ON",15,1
737,"Berthierville, QC",15,1
1818,"Terrace Bay, ON",15,1
1379,"Ancaster, ON",14,1
1565,"Port Carling, ON",14,1
717,"Vallee-jonction, QC",14,1
475,"Mercier, QC",14,1
370,"St. Stephen, NB",14,1
1354,"Strathroy, ON",14,1
2464,"Fort Smith, NT",14,1
2213,"Wabasca, AB",14,1
142,"Weymouth, NS",14,1
2046,"Nanton, AB",14,1
1769,"Emo, ON",14,1
1371,"Ingersoll, ON",14,1
1763,"Baden, ON",14,1
2348,"Saanichton, BC",14,1
2300,"Headquarters, BC",14,1
658,"Sainte-Anne-des-Plaines, QC",14,1
1683,"Almonte, ON",14,1
1192,"Sturgeon Falls, ON",14,1
1705,"Matheson, ON",14,1
934,"Chandler, QC",14,1
440,"Mont-royal, QC",14,1
2000,"Cardston, AB",13,1
292,"Caraquet, NB",13,1
2269,"Lake Country, BC",13,1
1045,"Rivière-Rouge, QC",13,1
1059,"Fermont, QC",13,1
2054,"Elkford, BC",13,1
2274,"Westbank, BC",13,1
1061,"Wabush, NL",13,1
755,"Asbestos, QC",13,1
681,"Saint-Victor, QC",13,1
2466,"Inuvik, NT",13,1
657,"Sainte-Anne-de-Bellevue, QC",13,1
738,"Princeville, QC",13,1
1267,"Georgetown, ON",13,1
42,"Richibucto, NB",13,1
863,"Lavaltrie, QC",13,1
2166,"Fort Mackay, AB",13,1
1877,"Balzac, AB",13,1
2414,"Ucluelet, BC",13,1
463,"Verdun, QC",13,1
235,"Elmsdale, NS",13,1
98,"Riverview, NB",13,1
670,"Sainte-Claire, QC",13,1
121,"Waterville, NS",13,1
680,"La Guadeloupe, QC",13,1
851,"Mauricie, QC",13,1
1302,"Bradford, ON",13,1
723,"Saint-Bernard, QC",13,1
537,"Normandin, QC",13,1
713,"Saint-apollinaire, QC",13,1
2360,"Kimberley, BC",13,1
1572,"Penetanguishene, ON",13,1
353,"Degelis, QC",13,1
524,"Louiseville, QC",13,1
310,"Renous, NB",13,1
37,"Scoudouc, NB",12,1
2249,"South Surrey, BC",12,1
9,"Cornwall, PE",12,1
936,"Fleurimont, QC",12,1
601,"Saint-pascal, QC",12,1
721,"Saint-Raymond, QC",12,1
620,"Bois-des-Filion, QC",12,1
94,"Pictou, NS",12,1
1044,"La Macaza, QC",12,1
913,"Mistissini, QC",12,1
647,"Lachenaie, QC",12,1
2422,"Alert Bay, BC",12,1
667,"Saint-Nicolas, QC",12,1
1433,"Norwood, ON",12,1
449,"Saint-Césaire, QC",12,1
286,New Brunswick,12,1
1983,"Kananaskis, AB",12,1
233,"Chester, NS",12,1
1570,"Stayner, ON",12,1
1320,"LaSalle, ON",12,1
1897,"Rocky View, AB",12,1
519,"Saint-Roch-de-l'Achigan, QC",12,1
1,"Prince Edward Island, PE",12,1
1240,"Bradford West Gwillimbury, ON",12,1
1880,"Sundre, AB",12,1
431,"Westmount, QC",12,1
486,"Waterville, QC",12,1
1450,"Marmora, ON",12,1
1756,"Ear Falls, ON",12,1
583,"Palmarolle, QC",12,1
1817,"Hemlo, ON",12,1
1429,"Bobcaygeon, ON",12,1
462,"Beauharnois, QC",11,1
1596,"Chesley, ON",11,1
847,"Tadoussac, QC",11,1
1962,"Onoway, AB",11,1
244,"Dartmouth Crossing, NS",11,1
692,"Saint-Augustin-de-Desmaures, QC",11,1
682,"Saint-henri-de-levis, QC",11,1
1679,"Waterdown, ON",11,1
100,"Moncton Area, NB",11,1
493,"Rivière-des-Prairies, QC",11,1
1219,"Bowmanville, ON",11,1
1243,"East Gwillimbury, ON",11,1
1881,"Chestermere, AB",11,1
2101,"La Crête, AB",11,1
744,"Centre-du-Québec, QC",11,1
2091,"Strathmore, AB",11,1
718,"Adstock, QC",11,1
571,"Lebel-sur-Quévillon, QC",11,1
148,"Bridgetown, NS",11,1
614,"Saint-donat, QC",11,1
418,"Saint Andrews, NB",11,1
2071,"Provost, AB",11,1
578,"Abitibi-Témiscamingue, QC",11,1
1385,"Paris, ON",10,1
1218,"Greater Toronto Area, ON",10,1
300,"Saint-Elzéar, QC",10,1
659,"Beaconsfield, QC",10,1
170,"Western Shore, NS",10,1
499,"Coaticook, QC",10,1
1828,"Moosonee, ON",10,1
1366,"Simcoe, ON",10,1
2345,"Colwood, BC",10,1
2468,"Norman Wells, NT",10,1
1169,"Hamel, QC",10,1
2382,"Okanagan Falls, BC",10,1
845,"Rigaud, QC",10,1
473,"Saint-Rémi, QC",10,1
2365,"Tumbler Ridge, BC",10,1
2184,"Spirit River, AB",10,1
1282,"Cookstown, ON",10,1
1285,"Fergus, ON",10,1
849,"Sainte-Anne-des-Monts, QC",10,1
1289,"Harriston, ON",10,1
2362,"Moberly Lake, BC",10,1
380,"Hartland, NB",10,1
1733,"Garson, ON",10,1
2102,"Fort Vermilion, AB",10,1
1654,"Dunnville, ON",10,1
234,"Fall River, NS",10,1
238,"Upper Tantallon, NS",10,1
1034,"Saint-Martin, QC",10,1
541,"Charlevoix, QC",10,1
722,"Saint-Isidore, QC",10,1
351,"Kincardine, NB",10,1
2004,"Milk River, AB",10,1
1623,"Clinton, ON",10,1
26,"Stratford, PE",10,1
974,"Carp, ON",10,1
961,"Baie-sainte-catherine, QC",10,1
957,"Buckingham, QC",10,1
477,"Saint-Basile-le-Grand, QC",10,1
807,"Chelsea, QC",10,1
1681,"Beamsville, ON",10,1
1329,"Dresden, ON",10,1
271,"Lakeside, NS",10,1
16,"Cap-Pelé, NB",9,9
700,"Saint-Gédéon-de-Beauce, QC",9,9
759,"Sorel, QC",9,9
822,"Wakefield, QC",9,9
426,"Knowlton, QC",9,9
372,"Waasis, NB",9,9
319,"Nouvelle, QC",9,9
2392,"Ashcroft, BC",9,9
469,"Acton Vale, QC",9,9
832,"Notre-dame-de-l'ile-perrot, QC",9,9
35,"New Annan, PE",9,9
774,"Saint-Narcisse, QC",9,9
813,"Ottawa West, ON",9,9
466,"Delson, QC",9,9
1270,"Tottenham, ON",9,9
474,"Farnham, QC",9,9
1435,"Fenelon Falls, ON",9,9
2233,"Squamish, BC",9,9
920,"Mattawan, ON",9,9
270,"Atlantic, NS",9,9
268,"Barrington Passage, NS",9,9
1910,"Rimbey, AB",9,9
152,"Hebbville, NS",9,9
2352,"Cowichan, BC",9,9
2267,"Chase, BC",9,9
144,"Annapolis Royal, NS",9,9
535,"Dolbeau, QC",9,9
119,"Coldbrook, NS",9,9
2089,"Mayerthorpe, AB",9,9
617,"Pincourt, QC",9,9
2034,"Hardisty, AB",9,9
93,"Wallace, NS",9,9
509,"Windsor, QC",9,9
2201,"Hythe, AB",9,9
79,"Souris, PE",9,9
1786,"Geraldton, ON",9,9
855,"Saint-Gabriel-de-Brandon, QC",9,9
1197,"Nipissing, North, ON",9,9
1277,"Ayr, ON",9,9
1795,"Mildmay, ON",9,9
304,"Baie des Chaleurs, QC",9,9
2238,"White Rock, BC",9,9
890,"Saint-Tite, QC",9,9
1109,"Saint-Michel-des-Saints, QC",8,8
770,"Saint-Germain-de-Grantham, QC",8,8
2147,"Manning, AB",8,8
749,"Plessisville, QC",8,8
2119,"Foothills, AB",8,8
752,"Saint-ubalde, QC",8,8
1332,"Tilbury, ON",8,8
2196,"Rycroft, AB",8,8
1105,"Val-david, QC",8,8
2448,"New Aiyansh, BC",8,8
2025,"Hanna, AB",8,8
1392,"Elmira, ON",8,8
1918,"Bow Island, AB",8,8
996,"Pakenham, ON",8,8
1556,"Clarksburg, ON",8,8
854,"Saint-Esprit, QC",8,8
1770,"Rainy River, ON",8,8
862,"Grand-mere, QC",8,8
1272,"Schomberg, ON",8,8
2284,"Chemainus, BC",8,8
1735,"Street, ON",8,8
2277,"Okanagan, BC",8,8
819,"Manotick, ON",8,8
1846,"Balmertown, ON",8,8
1707,"Detour Lake, ON",8,8
2265,"Lumby, BC",8,8
1917,"Suffield, AB",8,8
801,"Aylmer, QC",8,8
977,"Îles-de-la-Madeleine, QC",8,8
1303,"Elora, ON",8,8
1963,"Beaumont, AB",8,8
1216,Ontario,8,8
2182,"Leader, SK",8,8
1236,"Stouffville, ON",8,8
390,"Nackawic, NB",8,8
632,"Englehart, ON",8,8
101,Nova Scotia,8,8
339,"Saint-leonard, NB",8,8
498,"Montréal-Ouest, QC",8,8
451,"Richmond, QC",8,8
293,"Lugar, NB",8,8
482,"Sainte-Catherine, QC",8,8
314,"Port-Daniel--Gascons, QC",8,8
12,"O'Leary, PE",8,8
171,"Saint John East, NB",8,8
236,"Mount Uniacke, NS",8,8
503,"Napierville, QC",8,8
66,"Baie-ste-anne, NB",8,8
53,"Bay Du Vin, NB",7,7
481,"Côte-Saint-Luc, QC",7,7
2110,"Falher, AB",7,7
2309,"Coombs, BC",7,7
803,"Barrhaven, ON",7,7
1048,"Bois-Franc, QC",7,7
454,"Waterloo, QC",7,7
312,"Port-daniel, QC",7,7
2411,"Nanoose Bay, BC",7,7
2356,"North Saanich, BC",7,7
1333,"Ruthven, ON",7,7
2153,"Swan Hills, AB",7,7
1253,"Unionville, ON",7,7
298,"Tracadie-Sheila, NB",7,7
2065,"Elk Point, AB",7,7
1989,"Killam, AB",7,7
690,"L'Ancienne-Lorette, QC",7,7
1153,"Embrun, ON",7,7
2032,"Daysland, AB",7,7
2053,"Aldersyde, AB",7,7
1921,"Vulcan, AB",7,7
1916,"Redcliff, AB",7,7
678,"Cap-Saint-Ignace, QC",7,7
1708,"Iroquois Falls, ON",7,7
1892,"Three Hills, AB",7,7
2386,"Cawston, BC",7,7
269,"Barrington, NS",7,7
548,"Saint-Ambroise, QC",7,7
677,"Beauport, QC",7,7
288,"Shippagan, NB",7,7
2080,"Parkland County, AB",7,7
1124,"Saint-Jean-Chrysostome, QC",7,7
1737,"Sudbury, North, ON",7,7
860,"Rawdon, QC",7,7
1441,"Tweed, ON",7,7
2324,"Rossland, BC",7,7
1528,"Blind River, ON",7,7
373,"Florenceville, NB",7,7
1555,"Flesherton, ON",7,7
754,"Kingsey Falls, QC",7,7
2458,"Dawson, YT",7,7
909,"Saint-Adolphe-d'Howard, QC",7,7
375,"Hanwell, NB",7,7
1574,"Teeswater, ON",7,7
1484,"Midhurst, ON",7,7
106,"Oxford, NS",7,7
1690,"Petrolia, ON",7,7
767,"Trois-Rivières-Ouest, QC",7,7
1606,"Wellington, ON",7,7
1454,"Baysville, ON",7,7
1662,"Prescott, ON",7,7
964,"Trois-Pistoles, QC",7,7
2351,"Cobble Hill, BC",7,7
865,"Cap-de-la-Madeleine, QC",7,7
1655,"Port Colborne, ON",7,7
1419,"Brant, ON",7,7
1128,"Lac-drolet, QC",7,7
396,"St. George, NB",7,7
146,"Greenfield, NS",7,7
108,"Cambridge, NS",6,6
2056,"Turner Valley, AB",6,6
2294,"Heriot Bay, BC",6,6
1122,"Saints-anges, QC",6,6
1008,"Foresters Falls, ON",6,6
2008,"Crowsnest Pass, AB",6,6
1001,"Barry's Bay, ON",6,6
992,"Eganville, ON",6,6
989,"Head, ON",6,6
85,"Cardigan, PE",6,6
202,"Westville, NS",6,6
937,"Rock Forest, QC",6,6
2082,"Breton, AB",6,6
1080,"Saint-Lazare, QC",6,6
1065,"Gascons, QC",6,6
621,"Hudson, QC",6,6
646,"Pointe-aux-trembles, QC",6,6
949,"Piedmont, QC",6,6
916,"Chapais, QC",6,6
919,"Mattawa, ON",6,6
127,"Newport, NS",6,6
743,"Disraeli, QC",6,6
1127,"Saint-Côme-Linière, QC",6,6
1456,"Stirling, ON",6,6
331,"Saint-Quentin, NB",6,6
1393,"Parkhill, ON",6,6
1656,"Brussels, ON",6,6
1627,"Beaverton, ON",6,6
340,"Saint-francois-de-madawaska, NB",6,6
1624,"Forest, ON",6,6
1432,"Madoc, ON",6,6
392,"Chipman, NB",6,6
1445,"Dwight, ON",6,6
1586,"Dufferin, ON",6,6
232,"Enfield, NS",6,6
1582,"Sauble Beach, ON",6,6
1493,"Bloomfield, ON",6,6
1577,"Tara, ON",6,6
1500,"Carrying Place, ON",6,6
1508,"Deseronto, ON",6,6
1563,"Southampton, ON",6,6
1535,"Gore Bay, ON",6,6
1541,"Gibraltar, ON",6,6
1537,"Manitoulin, ON",6,6
1378,"New Hamburg, ON",6,6
1372,"Courtland, ON",6,6
1368,"Norwich, ON",6,6
1359,"Hagersville, ON",6,6
1957,"Devon, AB",6,6
1159,"Prevost, QC",6,6
1951,"Sturgeon County, AB",6,6
1942,"Redwater, AB",6,6
1186,"Saint-Pamphile, QC",6,6
1189,"Schefferville, QC",6,6
260,"Liverpool, NS",6,6
1907,"Trochu, AB",6,6
1862,"Lucknow, ON",6,6
2310,"Merville, BC",6,6
1259,"King City, ON",6,6
491,"Valcourt, QC",6,6
488,"Carignan, QC",6,6
479,"Greater Montreal Area, QC",6,6
1295,"Niagara, ON",6,6
457,"Mont-Saint-Grégoire, QC",6,6
439,"Sutton, QC",6,6
316,"Dalhousie, NB",6,6
317,"Paspebiac, QC",6,6
511,"Richelieu, QC",6,6
1972,"Millet, AB",6,6
2460,"Faro, YT",6,6
2395,"Cache Creek, BC",6,6
694,"Laurier-station, QC",6,6
34,"Albany, PE",6,6
853,"Shawinigan-sud, QC",6,6
2349,"Esquimalt, BC",6,6
2372,"Lake Cowichan, BC",6,6
2403,"Fraser Valley Regional District, BC",6,6
668,"Saint-lazare-de-bellechasse, QC",6,6
1418,"Lambton Shores, ON",5,5
1029,"Desjardins, QC",5,5
2447,"Kitamaat Village, BC",5,5
1365,"Bothwell, ON",5,5
1038,"Sainte-clotilde-de-beauce, QC",5,5
180,"Norton, NB",5,5
592,"Macamic, QC",5,5
1688,"Ridgetown, ON",5,5
786,"Weedon, QC",5,5
605,"Saint-Anaclet-de-Lessard, QC",5,5
1104,"Sainte-Agathe, QC",5,5
1671,"Ingleside, ON",5,5
1440,"Dorset, ON",5,5
843,"Saint-Ambroise-de-Kildare, QC",5,5
1689,"Point Edward, ON",5,5
1401,"Thamesville, ON",5,5
1538,"Nairn Centre, ON",5,5
1025,"Saint-Lin--Laurentides, QC",5,5
2007,"Blairmore, AB",5,5
1472,"Read, ON",5,5
2350,"Sooke, BC",5,5
1594,"Wiarton, ON",5,5
993,"Cobden, ON",5,5
1464,"Warkworth, ON",5,5
1600,"Bala, ON",5,5
1460,"Havelock, ON",5,5
1000,"Calabogie, ON",5,5
1459,"Northumberland, ON",5,5
1457,"Lake, ON",5,5
1006,"Braeside, ON",5,5
2178,"Oyen, AB",5,5
766,"East Angus, QC",5,5
768,"Wickham, QC",5,5
2165,"Anzac, AB",5,5
1444,"Keene, ON",5,5
1443,"Roseneath, ON",5,5
1362,"Hensall, ON",5,5
1120,"Sainte-Aurelie, QC",5,5
1700,"Thorold, ON",5,5
1922,"Iron Springs, AB",5,5
1784,"Longlac, ON",5,5
823,"Ottawa East, ON",5,5
804,"National Capital Region, ON",5,5
1789,"Smithville, ON",5,5
1908,"Linden, AB",5,5
1905,"Caroline, AB",5,5
2311,"Gold River, BC",5,5
492,"Saint-Alphonse-de-Granby, QC",5,5
496,"Bedford, QC",5,5
552,"De l'Île, QC",5,5
1809,"Keewatin, ON",5,5
531,"Girardville, QC",5,5
1822,"Mobert, ON",5,5
1850,"Pikangikum, ON",5,5
816,"Vars, ON",5,5
815,"Richmond, ON",5,5
1823,"Shuniah, ON",5,5
259,"Cole Harbour, NS",5,5
1780,"Greenstone, ON",5,5
217,"Valley, PE",5,5
2405,"Boston Bar, BC",5,5
155,"Aylesford, NS",5,5
839,"Saint-Zotique, QC",5,5
1727,"Whitefish, ON",5,5
687,"Saint-Romuald, QC",5,5
1339,"Corunna, ON",5,5
1337,"Belle River, ON",5,5
1335,"Wheatley, ON",5,5
242,"Middle Sackville, NS",5,5
1148,"Bellechasse Regional County Municipality, QC",5,5
1959,"Two Hills, AB",5,5
1152,"Rockland, ON",5,5
1328,"Lakeshore, ON",5,5
1327,"Maidstone, ON",5,5
1158,"Uashat, QC",5,5
433,"Mansonville, QC",5,5
1306,"Erin, ON",5,5
1772,"Curran, ON",5,5
628,"Harley, ON",5,5
1394,"Exeter, ON",5,5
761,"Saint-Odilon, QC",5,5
1501,"Amherstview, ON",5,5
102,"Hantsport, NS",5,5
944,"Orford, QC",5,5
963,"Saint-philippe-de-neri, QC",5,5
1503,"Prince Edward, ON",5,5
376,"Florenceville-Bristol, NB",5,5
1485,"Simcoe County, ON",5,5
2347,"Saanich, BC",5,5
1552,"Lion's Head, ON",5,5
635,"Témiscaming, QC",5,5
385,"Rockland, NB",5,5
869,"Saint-Félix-de-Valois, QC",5,5
1486,"Elmvale, ON",5,5
633,"Temiskaming Shores, ON",5,5
358,"Sainte-Françoise, QC",5,5
2252,"Agassiz, BC",5,5
363,"Saint-antonin, QC",5,5
1534,"Massey, ON",5,5
908,"Saint-Faustin-Lac-Carré, QC",5,5
4,"Alberton, PE",5,5
914,"Vimont, QC",5,5
124,"Port Williams, NS",5,5
746,"Saint-Léonard-d'Aston, QC",5,5
928,"Sainte-Sophie, QC",5,5
1584,"Saugeen Shores, ON",5,5
1513,"Hillier, ON",5,5
13,"Bloomfield, PE",5,5
381,"Blacks Harbour, NB",5,5
892,"Saint-Ubalde, QC",5,5
355,"Saint-modeste, QC",5,5
873,"Saint-Thomas, QC",5,5
2009,"Raymond, AB",4,4
2012,"Lethbridge County, AB",4,4
1198,"Clara, ON",4,4
1504,"Grafton, ON",4,4
1360,"Port Stanley, ON",4,4
790,"Sainte-Dorothée, QC",4,4
1117,"Le Gardeur, QC",4,4
1706,"Schumacher, ON",4,4
199,"Sheet Harbour, NS",4,4
2026,"Castor, AB",4,4
29,"Saint-Antoine, NB",4,4
2205,"County of Grande Prairie No. 1, AB",4,4
125,"Upper Onslow, NS",4,4
1086,"La Salle, QC",4,4
203,"St. Peter's, NS",4,4
2052,"Black Diamond, AB",4,4
940,"Cookshire-Eaton, QC",4,4
705,"Saint-charles-de-bellechasse, QC",4,4
697,"Pintendre, QC",4,4
787,"Notre-dame-des-prairies, QC",4,4
2040,"Viking, AB",4,4
2039,"Silver Heights, AB",4,4
2038,"Bashaw, AB",4,4
2037,"Coronation, AB",4,4
1101,"Notre-dame-de-la-merci, QC",4,4
2030,"Forestburg, AB",4,4
211,"Whycocomagh, NS",4,4
2336,"Columbia Gardens, BC",4,4
120,"Atlanta, NS",4,4
2019,"Mountain View, AB",4,4
116,"Canning, NS",4,4
1720,"Maxville, ON",4,4
2259,"Coldstream, BC",4,4
2400,"Panorama, BC",4,4
1757,"Ignace, ON",4,4
1748,"Coniston, ON",4,4
2270,"Lavington, BC",4,4
360,"Témiscouata-sur-le-Lac, QC",4,4
830,"Forestville, QC",4,4
2279,"Heffley Creek, BC",4,4
2271,"Winfield, BC",4,4
2415,"Errington, BC",4,4
45,"Rexton, NB",4,4
1759,"Pickerel, ON",4,4
82,"Millbrook, NS",4,4
44,"West Branch, NB",4,4
1781,"Nakina, ON",4,4
1170,"Radisson, QC",4,4
1172,"Bureau, QC",4,4
709,"Saint-agapit, QC",4,4
2410,"Cassidy, BC",4,4
2330,"Christina Lake, BC",4,4
1564,"Moorefield, ON",4,4
1155,"Long Sault, ON",4,4
1509,"Lonsdale, ON",4,4
2334,"Kaslo, BC",4,4
2457,"Dawson City, YT",4,4
1347,"Walpole Island, ON",4,4
228,"Lantz, NS",4,4
584,"Rouyn, QC",4,4
1731,"Shanty Bay, ON",4,4
1986,"Westerose, AB",4,4
686,"Saint-just-de-bretenieres, QC",4,4
1734,"Azilda, ON",4,4
1974,"Calmar, AB",4,4
1973,"Thorhild, AB",4,4
1540,"Lane, ON",4,4
586,"Dupuy, QC",4,4
31,"Crapaud, PE",4,4
1740,"Hanmer, ON",4,4
86,"South Shore, NS",4,4
97,"Debert, NS",4,4
2264,"Sicamous, BC",4,4
833,"Deux-Montagnes, QC",4,4
1685,"Clarence-Rockland, ON",4,4
2275,"Peachland, BC",4,4
2394,"Barriere, BC",4,4
1030,"Matagami, QC",4,4
1024,"Charlemagne, QC",4,4
39,"Hunter River, PE",4,4
1580,"Mactier, ON",4,4
173,"Mahone Bay, NS",4,4
990,"Marche, QC",4,4
134,"Kings, NS",4,4
764,"Saint-edouard-de-lotbiniere, QC",4,4
1437,"Minden, ON",4,4
2161,"Highway, AB",4,4
1261,"Dundas, ON",4,4
371,"New Maryland, NB",4,4
1587,"Georgina, ON",4,4
1890,"Rocky View County, AB",4,4
870,"Crabtree, QC",4,4
1039,"East Broughton, QC",4,4
2126,"Grassland, AB",4,4
1819,"White River, ON",4,4
283,"Middle Musquodoboit, NS",4,4
1042,"Ferme-Neuve, QC",4,4
701,"Portneuf, QC",4,4
346,"Grand Falls--grand-sault, NB",4,4
1252,"Newcastle, ON",4,4
762,"Ascot Corner, QC",4,4
2187,"Beiseker, AB",4,4
669,"Tring-jonction, QC",4,4
962,"Saint-alexandre-de-kamouraska, QC",4,4
1004,"Pontiac, QC",4,4
859,"Laurier, QC",4,4
956,"Val-des-Monts, QC",4,4
388,"Centreville, NB",4,4
968,"Notre-dame-du-portage, QC",4,4
745,"Saint-Lucien, QC",4,4
2171,"Bindloss, AB",4,4
1609,"Kemble, ON",4,4
1598,"Carling, ON",4,4
1820,"Manitouwadge, ON",4,4
1821,"Davies, ON",4,4
777,"Saint-Marc-des-Carrières, QC",4,4
2298,"Fanny Bay, BC",4,4
566,"Laterriere, QC",4,4
2202,"Wembley, AB",4,4
2090,"Niton Junction, AB",4,4
1670,"Casselman, ON",4,4
2454,"Hanceville, BC",4,4
673,"Charlesbourg, QC",4,4
1388,"Burford, ON",4,4
1675,"Munster, ON",4,4
485,"Saint-François-Xavier-de-Brompton, QC",4,4
1383,"St. Jacobs, ON",4,4
332,"Causapscal, QC",4,4
1797,"Hornepayne, ON",4,4
978,"Cap-aux-Meules, QC",4,4
629,"Témiscamingue, QC",4,4
28,"Borden-Carleton, PE",4,4
330,"Brunswick, NB",4,4
704,"Sainte-Justine, QC",4,4
1397,"West Lorne, ON",4,4
1211,"Port Perry, ON",4,4
1900,"Penhold, AB",4,4
153,"Grand Bay-Westfield, NB",4,4
1893,"Bowden, AB",4,4
378,"Tracyville, NB",4,4
181,"Cookville, NS",4,4
267,"Centreville, NS",4,4
2436,"Gibraltar, BC",4,4
1525,"Bright, ON",4,4
982,"Perce, QC",4,4
1408,"Delhi, ON",4,4
23,"York, PE",4,4
1403,"Arkona, ON",4,4
24,"North Rustico, PE",4,4
885,"Saint-Gérard-des-Laurentides, QC",4,4
945,"Limoges, ON",4,4
995,"La Pêche, QC",4,4
2471,"Behchokǫ̀, NT",3,3
1782,"Aroland, ON",3,3
1561,"Feversham, ON",3,3
1248,"Whitchurch-Stouffville, ON",3,3
367,"Les Escoumins, QC",3,3
1533,"St. Joseph, ON",3,3
465,"West Island, QC",3,3
505,"North Hatley, QC",3,3
2393,"Savona, BC",3,3
1290,"Grand Valley, ON",3,3
1280,"Acton, ON",3,3
1788,"Lincoln, ON",3,3
1527,"Bruce Mines, ON",3,3
495,"Greenfield Park, QC",3,3
490,"Marieville, QC",3,3
374,"Burtts Corner, NB",3,3
1283,"Hillsburgh, ON",3,3
1807,"Staples, ON",3,3
38,"Tignish, PE",3,3
1278,"Terra Cotta, ON",3,3
1589,"Inglewood, ON",3,3
1364,"Port Franks, ON",3,3
1771,"Barwick, ON",3,3
1489,"Oro-Medonte, ON",3,3
780,"Danville, QC",3,3
1411,"Burgessville, ON",3,3
1653,"Seguin, ON",3,3
726,"Donnacona, QC",3,3
1635,"Rosseau, ON",3,3
1631,"Severn, ON",3,3
1628,"Muskoka Lakes, ON",3,3
20,"Wellington, PE",3,3
18,"West Point, PE",3,3
1431,"Trent Lakes, ON",3,3
2444,"New Hazelton, BC",3,3
341,"Baker Brook, NB",3,3
343,"Clair, NB",3,3
15,"Clyde River, PE",3,3
313,"Bathurst Area, NB",3,3
14,"Central Bedeque, PE",3,3
1612,"Kenilworth, ON",3,3
1448,"Dunsford, ON",3,3
1455,"Apsley, ON",3,3
765,"Saint-Denis-sur-Richelieu, QC",3,3
2453,"Lac La Hache, BC",3,3
1583,"Melancthon, ON",3,3
348,"Grand-Sault, NB",3,3
1593,"Coldwater, ON",3,3
1471,"Buckhorn, ON",3,3
1592,"Dundalk, ON",3,3
1477,"Long Lake, ON",3,3
349,"Saint-basile, NB",3,3
1409,"Tavistock, ON",3,3
760,"Warwick, QC",3,3
1663,"Mallorytown, ON",3,3
1398,"Thorndale, ON",3,3
720,"Lac-Etchemin, QC",3,3
1762,"Haldimand County, ON",3,3
1760,"Jordan, ON",3,3
1314,"Limehouse, ON",3,3
2416,"Lantzville, BC",3,3
1742,"Felix, ON",3,3
1741,"Manitowaning, ON",3,3
792,"La Conception, QC",3,3
1571,"Washago, ON",3,3
1341,"Sombra, ON",3,3
757,"Saint-Patrice, QC",3,3
1730,"Copper Cliff, ON",3,3
325,"Saint-Isidore, NB",3,3
1723,"St. Isidore, ON",3,3
1349,"Gormley, ON",3,3
1710,"South Porcupine, ON",3,3
758,"Saint-francois-du-lac, QC",3,3
1367,"Otterville, ON",3,3
1369,"Dashwood, ON",3,3
1687,"Morrisburg, ON",3,3
1374,"Princeton, ON",3,3
1375,"Putnam, ON",3,3
25,"Kinkora, PE",3,3
1381,"Mount Brydges, ON",3,3
333,"Kedgwick, NB",3,3
400,"Jacksonville, NB",3,3
40,"Breadalbane, PE",3,3
506,"Town of Mount-Royal, QC",3,3
2317,"Fruitvale, BC",3,3
512,"Sainte-madeleine, QC",3,3
206,"Mabou, NS",3,3
2076,"Fort Steele, BC",3,3
52,"Neguac, NB",3,3
195,"Burnside, NS",3,3
603,"Sainte-Irène, QC",3,3
191,"Kingston, NB",3,3
2096,"Mannville, AB",3,3
606,"Pointe-Lebel, QC",3,3
2097,"Macklin, SK",3,3
186,"Hampton, NB",3,3
55,"Sainte-anne-de-kent, NB",3,3
57,"Port Elgin, NB",3,3
2120,"Yellowhead County, AB",3,3
607,"Saint-Damase, QC",3,3
179,"Pennfield, NB",3,3
609,"Sainte-Marguerite, QC",3,3
1078,"Saint-Louis-de-Gonzague, QC",3,3
1093,"L'anse Au Loup, NL",3,3
831,"Baie-trinite, QC",3,3
1095,"Forteau, NL",3,3
237,"Hardwood Lands, NS",3,3
1144,"Sainte-agathe-de-lotbiniere, QC",3,3
835,"L'Île-des-Soeurs, QC",3,3
229,"Goodwood, NS",3,3
1987,"Innisfree, AB",3,3
1131,"Ham-nord, QC",3,3
1130,"Courcelles, QC",3,3
838,"Saint-Joseph-du-Lac, QC",3,3
222,"Trenton, NS",3,3
1997,"Millarville, AB",3,3
2376,"Whistler, BC",3,3
2005,"Stand Off, AB",3,3
841,"Oka, QC",3,3
2013,"Diamond City, AB",3,3
2017,"Coleman, AB",3,3
2148,"Mackenzie County, AB",3,3
172,"Tiverton, NS",3,3
856,"Saint-Jacques, QC",3,3
2154,"Entwistle, AB",3,3
2240,"Cloverdale, BC",3,3
123,"Memramcook, NB",3,3
114,"Greenwich, NS",3,3
111,"Springhill, NS",3,3
875,"Sainte-Rosalie, QC",3,3
2263,"Blind Bay, BC",3,3
96,"Port Hood, NS",3,3
2331,"Crawford Bay, BC",3,3
2276,"Naramata, BC",3,3
2328,"Salmo, BC",3,3
87,"Marie, PE",3,3
83,"Village Green, PE",3,3
2320,"Canyon, BC",3,3
70,"Irishtown, NB",3,3
2304,"Madeira Park, BC",3,3
639,"West Nipissing / Nipissing Ouest, ON",3,3
132,"Falmouth, NS",3,3
638,"Elk Lake, ON",3,3
998,"Quyon, QC",3,3
1015,"Bryson, QC",3,3
2172,"Schuler, AB",3,3
1010,"Campbell's Bay, QC",3,3
166,"New Ross, NS",3,3
1003,"Shawville, QC",3,3
2186,"Rainbow Lake, AB",3,3
997,"Lemay, QC",3,3
135,"Fox Harbour, NS",3,3
161,"Saulnierville, NS",3,3
625,"Bearn, QC",3,3
984,"Nord-du-Québec, QC",3,3
983,"Grande-riviere, QC",3,3
966,"Cacouna, QC",3,3
631,"Earlton, ON",3,3
239,"Tantallon, NS",3,3
2084,"Genesee, AB",3,3
565,"Saint-Honoré, QC",3,3
1195,"West Nipissing, ON",3,3
1841,"Fonthill, ON",3,3
572,"Dollard, QC",3,3
1171,"Crémazie, QC",3,3
1937,"Enchant, AB",3,3
1180,"Sharbot Lake, ON",3,3
285,"Stewiacke, NS",3,3
539,"Metabetchouan-lac-a-la-croix, QC",3,3
1177,"Saint-André-d'Argenteuil, QC",3,3
544,"La Dore, QC",3,3
585,"Senneterre, QC",3,3
824,"Maitland, ON",3,3
825,"Hunt Club, ON",3,3
1178,"Crysler, ON",3,3
696,"Sainte-Anne-de-Beaupré, QC",3,3
553,"Chomedey, QC",3,3
1928,"Bassano, AB",3,3
2388,"Kaleden, BC",3,3
253,"Beaver Bank, NS",3,3
1858,"Centreville, ON",3,3
1162,"Alexandria, ON",3,3
1948,"Gibbons, AB",3,3
1160,"Saint-Sauveur-des-Monts, QC",3,3
580,"Lac-simon, QC",3,3
1161,"Sainte-Marthe, QC",3,3
1199,"Corbeil, ON",3,3
1615,"Egbert, ON",2,2
2167,"Dunmore, AB",2,2
2355,"Shawnigan Lake, BC",2,2
2156,"Enoch, AB",2,2
158,"Auburn, NS",2,2
1796,"Neustadt, ON",2,2
43,"Waterford, PE",2,2
1805,"Burks Falls, ON",2,2
156,"Upper Golden Grove, NB",2,2
301,"Belledune, NB",2,2
2206,"Wanham, AB",2,2
1588,"Cedar Valley, ON",2,2
2209,"Grovedale, AB",2,2
2214,"Smith, AB",2,2
2215,"Wabasca-Desmarais, AB",2,2
350,"St. André, NB",2,2
1793,"Flamborough, ON",2,2
2216,"Ranch, AB",2,2
1610,"Windermere, ON",2,2
1595,"Thornton, ON",2,2
1895,"Carstairs, AB",2,2
2169,"Woolchester, AB",2,2
2175,"Maple Creek, SK",2,2
1902,"Alix, AB",2,2
2173,"Golden Prairie, SK",2,2
1903,"Joffre, AB",2,2
2451,"150 Mile House, BC",2,2
1605,"Sutton West, ON",2,2
1904,"Spruce View, AB",2,2
265,"Cape Breton, NS",2,2
1899,"Ponoka County, AB",2,2
345,"Sainte-anne-de-madawaska, NB",2,2
2399,"Invermere, BC",2,2
165,"Italy Cross, NS",2,2
163,"New Germany, NS",2,2
162,"Westport, NS",2,2
347,"Woodstock Area, NB",2,2
2354,"View Royal, BC",2,2
2181,"Driver, SK",2,2
2217,"Tsuu T'ina, AB",2,2
1810,"Sioux Narrows, ON",2,2
1889,"Acme, AB",2,2
6,"Tyne Valley, PE",2,2
1854,"Minto, ON",2,2
1559,"Nottawa, ON",2,2
2327,"Midway, BC",2,2
1554,"Singhampton, ON",2,2
364,"Saint-narcisse-de-beaurivage, QC",2,2
2287,"Malahat, BC",2,2
366,"Sully, QC",2,2
81,"Lakeside, PE",2,2
2290,"Whaletown, BC",2,2
76,"Orwell Cove, PE",2,2
1837,"Georgian Bluffs, ON",2,2
149,"Milford, NS",2,2
1835,"Milverton, ON",2,2
1547,"Mills, ON",2,2
2303,"Van Anda, BC",2,2
1545,"Desbarats, ON",2,2
1543,"Echo Bay, ON",2,2
294,"Miramichi Area, NB",2,2
2305,"Woss, BC",2,2
2,Prince Edward Island,2,2
2306,"Buckley Bay, BC",2,2
67,"Grande-digue, NB",2,2
1856,"Ripley, ON",2,2
88,"Vernon Bridge, PE",2,2
41,"Bedeque, PE",2,2
1568,"Creemore, ON",2,2
145,"Lawrencetown., NS",2,2
136,"Bible Hill, NS",2,2
1581,"Minett, ON",2,2
1906,"Mirror, AB",2,2
1811,"Code, ON",2,2
1579,"Proton Station, ON",2,2
299,"Beresford, NB",2,2
131,"Truro Heights, NS",2,2
1578,"Conn, ON",2,2
2341,"Rosedale, BC",2,2
2389,"Big White Ski, BC",2,2
352,"Perth-Andover, NB",2,2
273,"Clyde River, NS",2,2
277,"Arcadia, NS",2,2
122,"Brookfield, NS",2,2
2338,"New Denver, BC",2,2
113,"Penobsquis, NB",2,2
297,"Charlo, NB",2,2
104,"Port Howe, NS",2,2
278,"Argyle, NS",2,2
2268,"Oyama, BC",2,2
344,"Grand-sault/grand Falls, NB",2,2
318,"Saint Margarets, NB",2,2
175,"Meteghan, NS",2,2
309,"Rogersville, NB",2,2
1936,"Gleichen, AB",2,2
1709,"Moonbeam, ON",2,2
218,"Canso, NS",2,2
326,"Tide Head, NB",2,2
216,"Arichat, NS",2,2
1931,"Standard, AB",2,2
2425,"Holberg, BC",2,2
1929,"Hays, AB",2,2
1698,"Crystal Beach, ON",2,2
2015,"Brocket, AB",2,2
2018,"Carway, AB",2,2
2366,"Taylor, BC",2,2
50,"Queens, PE",2,2
1776,"Belgrave, ON",2,2
2043,"Sedgewick, AB",2,2
1777,"Walton, ON",2,2
2049,"Indus, AB",2,2
2051,"Academy, AB",2,2
2057,"Blackie, AB",2,2
2058,"Heritage Pointe, AB",2,2
201,"Port Hastings, NS",2,2
1684,"Mississippi Mills, ON",2,2
1716,"Porcupine, ON",2,2
1718,"Sheraton, ON",2,2
220,"Aulds Cove, NS",2,2
1765,"Leonard, ON",2,2
1750,"New Sudbury, ON",2,2
1749,"Capreol, ON",2,2
245,"Hubley, NS",2,2
1745,"Greater Sudbury / Grand Sudbury, ON",2,2
1744,"Scotia, ON",2,2
1743,"Onaping, ON",2,2
1955,"St. Michael, AB",2,2
246,"Hacketts Cove, NS",2,2
1958,"Thorsby, AB",2,2
1739,"French River, ON",2,2
2379,"Saskatchewan River Crossing, AB",2,2
1968,"Ermineskin 138, AB",2,2
1736,"Noelville, ON",2,2
1975,"Alberta Beach, AB",2,2
1949,"Bruderheim, AB",2,2
321,"Shigawake, QC",2,2
252,"Roachville, NB",2,2
1988,"Falun, AB",2,2
1728,"Dowling, ON",2,2
255,"Hillsborough, NB",2,2
49,"Escuminac, NB",2,2
2368,"Arras, BC",2,2
1680,"Halton, ON",2,2
2142,"Derwent, AB",2,2
264,"Baddeck, NS",2,2
2114,"Gift Lake, AB",2,2
182,"Upper LaHave, NS",2,2
1647,"Ramara, ON",2,2
1646,"South River, ON",2,2
1645,"Angus, ON",2,2
1643,"Milford Bay, ON",2,2
262,"Lockeport, NS",2,2
1642,"Waubaushene, ON",2,2
1640,"Severn Bridge, ON",2,2
1637,"Pefferlaw, ON",2,2
1791,"Rockwood, ON",2,2
198,"Guysborough, NS",2,2
1630,"Burk's Falls, ON",2,2
2125,"Smoky Lake County, AB",2,2
2129,"Plamondon, AB",2,2
1752,"St.-Charles, ON",2,2
2443,"Thornhill, BC",2,2
2139,"Senlac, SK",2,2
2140,"St. Walburg, SK",2,2
2141,"Maidstone, SK",2,2
1621,"Blyth, ON",2,2
1619,"Varna, ON",2,2
1787,"Grassie, ON",2,2
2106,"McLennan, AB",2,2
2105,"St. Isidore, AB",2,2
261,"Hunts Point, NS",2,2
196,"Barneys River Station, NS",2,2
2074,"Elko, BC",2,2
1678,"Goulais River, ON",2,2
1677,"Garden River, ON",2,2
1927,"Travers, AB",2,2
1924,"Grassy Lake, AB",2,2
1673,"Osgoode, ON",2,2
2083,"Peers, AB",2,2
1834,"Sunshine, ON",2,2
2087,"Winfield, AB",2,2
2433,"Skeena, BC",2,2
2092,"Eckville, AB",2,2
1667,"Johnstown, ON",2,2
335,"Lac-au-saumon, QC",2,2
1920,"Burdett, AB",2,2
336,"Sainte-flavie, QC",2,2
2099,"Auburndale, AB",2,2
1661,"Lyn, ON",2,2
1659,"Woodridge, ON",2,2
1657,"Scotland, ON",2,2
187,"Church Point, NS",2,2
2137,"Neilburg, SK",2,2
0,"Cavendish, PE",2,2
922,"Mcmasterville, QC",2,2
904,"Massueville, QC",2,2
907,"Montcalm, QC",2,2
911,"Sainte-Marguerite-du-Lac-Masson, QC",2,2
1294,"Port Severn, ON",2,2
1288,"Beeton, ON",2,2
918,"Du Tremblay, QC",2,2
1286,"Queensville, ON",2,2
1284,"Palgrave, ON",2,2
643,"Hudson, ON",2,2
483,"Shefford, QC",2,2
927,"Cookshire, QC",2,2
931,"Saint-Canut, QC",2,2
1276,"Nobleton, ON",2,2
642,"Bellefeuille, QC",2,2
933,"Cap-d'espoir, QC",2,2
494,"Austin, QC",2,2
1263,"New Tecumseth, ON",2,2
640,"Timiskaming, ON",2,2
938,"Lennoxville, QC",2,2
1256,"Puslinch, ON",2,2
941,"Saint-sebastien, QC",2,2
947,"Brownsburg-Chatham, QC",2,2
948,"Grenville, QC",2,2
508,"Lacolle, QC",2,2
636,"Notre-dame-du-nord, QC",2,2
510,"Saint-Antoine-sur-Richelieu, QC",2,2
513,"Sainte-Martine, QC",2,2
958,"Cumberland, ON",2,2
1301,"Breslau, ON",2,2
1305,"Bond Head, ON",2,2
965,"Saint-simeon, QC",2,2
1308,"Yorkdale, ON",2,2
1396,"Ilderton, ON",2,2
399,"Lindsay, NB",2,2
1391,"Jarvis, ON",2,2
850,"Mont-Albert, QC",2,2
852,"L'epiphanie, QC",2,2
1382,"Ailsa Craig, ON",2,2
671,"L'Islet, QC",2,2
858,"Saint-Boniface, QC",2,2
1370,"Zurich, ON",2,2
405,"Doaktown, NB",2,2
1363,"Springfield, ON",2,2
864,"Saint-paulin, QC",2,2
866,"Contrecoeur, QC",2,2
867,"Saint-sulpice, QC",2,2
877,"Saint-Étienne-des-Grès, QC",2,2
879,"Saint-Guillaume, QC",2,2
881,"La Presentation, QC",2,2
1345,"Tupperville, ON",2,2
1340,"Pain Court, ON",2,2
889,"Saint-stanislas-de-champlain, QC",2,2
414,"Queensbury, NB",2,2
1331,"Fletcher, ON",2,2
424,"Saint-Philippe, QC",2,2
429,"Dunham, QC",2,2
898,"L'ange Gardien, QC",2,2
900,"Saint-georges-de-champlain, QC",2,2
1309,"Kleinburg, ON",2,2
959,"Russell, ON",2,2
1239,"Brooklin, ON",2,2
1400,"Komoka, ON",2,2
1057,"Orléanais, QC",2,2
1134,"Saint-pierre-de-broughton, QC",2,2
1133,"Notre-dame-des-pins, QC",2,2
1129,"Shenley, QC",2,2
604,"St-Valérien, QC",2,2
602,"Les Mechins, QC",2,2
1125,"Saint-Romain, QC",2,2
589,"Lebel-sur-quevillon, QC",2,2
1066,"Riviere-au-Renard, QC",2,2
1121,"Saint-honore-de-shenley, QC",2,2
1067,"Saint-Pie, QC",2,2
1116,"Lac-des-ecorces, QC",2,2
600,"Courcelette, QC",2,2
1112,"Plaisance, QC",2,2
1111,"Saint-donat-de-montcalm, QC",2,2
1072,"Grenville-sur-la-Rouge, QC",2,2
1110,"Saint-Donat, QC",2,2
1107,"Montebello, QC",2,2
1075,"Henryville, QC",2,2
1077,"Howick, QC",2,2
593,"Villebois, QC",2,2
1103,"Val-morin, QC",2,2
1102,"Gouin, QC",2,2
1100,"Lambton, QC",2,2
1098,"L'isle-aux-grues, QC",2,2
1097,"Flower's Cove, NL",2,2
1087,"Sainte-Christine-d'Auvergne, QC",2,2
1091,"Saint-Faustin, QC",2,2
1135,"Beaulac-garthby, QC",2,2
1052,"Joly, QC",2,2
533,"Sainte-monique-lac-saint-jean, QC",2,2
1050,"Aux, QC",2,2
979,"Les Îles-de-la-Madeleine, QC",2,2
613,"Sayabec, QC",2,2
534,"Saint-Gédéon, QC",2,2
999,"Dunrobin, ON",2,2
549,"Saint-Stanislas, QC",2,2
556,"Bourget, QC",2,2
570,"Abitibi, QC",2,2
575,"Clermont, QC",2,2
1202,"Verner, ON",2,2
1201,"Callander, ON",2,2
1017,"Dorion, QC",2,2
1196,"Powassan, ON",2,2
1194,"Deux-Rivières, ON",2,2
1021,"Fort-coulonge, QC",2,2
1182,"Lancaster, ON",2,2
1026,"Chénéville, QC",2,2
1181,"Metcalfe, ON",2,2
1173,"Bourassa, QC",2,2
587,"Taschereau, QC",2,2
1033,"Laval-ouest, QC",2,2
611,"Godbout, QC",2,2
1036,"Saint-Nicéphore, QC",2,2
1040,"Sainte-Anne, QC",2,2
608,"Saint-gabriel-de-rimouski, QC",2,2
1150,"Saint-Éphrem-de-Beauce, QC",2,2
1147,"Saint-robert-bellarmin, QC",2,2
1146,"Saint-Frédéric, QC",2,2
844,"Sherrington, QC",2,2
1088,"Matawin, QC",2,2
1449,"Hastings, ON",2,2
1499,"Inverary, ON",2,2
809,"Greely, ON",2,2
1469,"Bridgenorth, ON",2,2
791,"Les Cedres, QC",2,2
1422,"Thedford, ON",2,2
810,"Winchester, ON",2,2
1519,"Bath, ON",2,2
703,"Neuville, QC",2,2
736,"Rockland, QC",2,2
393,"Saint Stephen, NB",2,2
1452,"Frankford, ON",2,2
1414,"Glencoe, ON",2,2
1415,"New Dundee, ON",2,2
1516,"Odessa, ON",2,2
1439,"Trent Hills, ON",2,2
732,"Sainte Catherine de la Jacques Cartier, QC",2,2
779,"Saint-Gilbert, QC",2,2
1512,"Cavan, ON",2,2
698,"Saint-pacome, QC",2,2
702,"Saint-vallier, QC",2,2
1511,"Millbrook, ON",2,2
724,"Chateau-richer, QC",2,2
730,"Saint-jacques-de-leeds, QC",2,2
795,"Saint-Henri, QC",2,2
820,"Vanier, ON",2,2
769,"Estrie, QC",2,2
1402,"Hyde Park, ON",2,2
712,"Lac-beauport, QC",2,2
1462,"Northbrook, ON",2,2
748,"Villeroy, QC",2,2
1531,"Mckerrow, ON",2,2
837,"L'ile-bizard, QC",2,2
707,"Saint-Michel-de-Bellechasse, QC",2,2
398,"Belleisle Creek, NB",2,2
1463,"Havelock-Belmont-Methuen, ON",2,2
808,"Carlsbad Springs, ON",2,2
1427,"Dorchester, ON",2,2
789,"Auteuil, QC",2,2
1529,"May, ON",2,2
829,"Bells Corners, ON",2,2
747,"Lac-a-la-tortue, QC",2,2
1532,"Jasper, ON",2,2
1488,"Utopia, ON",2,2
1413,"Nanticoke, ON",2,2
2136,"Paradise Hill, SK",1,1
1022,"Mansfield-et-Pontefract, QC",1,1
2155,"Glenevis, AB",1,1
2160,"Gunn, AB",1,1
727,"Saint-ferreol-les-neiges, QC",1,1
2157,"Fallis, AB",1,1
2138,"Vawn, SK",1,1
2158,"Pembina, AB",1,1
2159,"Neerlandia, AB",1,1
2437,"Thompson, BC",1,1
19,"Bloomfield Station, PE",1,1
776,"Hatley, QC",1,1
1023,"Kinburn, ON",1,1
21,"Elmsdale, PE",1,1
2143,"Turtleford, SK",1,1
1035,"Saint-Charles-de-Drummond, QC",1,1
2151,"Brownvale, AB",1,1
2150,"Dixonville, AB",1,1
1027,"Vaudreuil-Soulanges, QC",1,1
2442,"Telkwa, BC",1,1
775,"Maskinonge, QC",1,1
1028,"Brigham, QC",1,1
1020,"Golden Lake, ON",1,1
1031,"Isle-Dieu, QC",1,1
2145,"Cut Knife, SK",1,1
1032,"Sainte-Marthe-sur-le-Lac, QC",1,1
2144,"Myrnam, AB",1,1
174,"Bloomfield, NB",1,1
2373,"Salt Spring Island, BC",1,1
2162,"Darwell, AB",1,1
1002,"Wilberforce, ON",1,1
2179,"Acadia Valley, AB",1,1
2180,"Empress, AB",1,1
1007,"Wabash, QC",1,1
2428,"Hixon, BC",1,1
167,"Queens, NS",1,1
2183,"Eatonia, SK",1,1
1005,"Combermere, ON",1,1
2185,"Unity, SK",1,1
785,"Cleveland, QC",1,1
168,"Nauwigewauk, NB",1,1
2188,"Benalto, AB",1,1
2189,"Kneehill County, AB",1,1
2190,"Lacombe County, AB",1,1
2191,"James River Bridge, AB",1,1
2192,"Mulhurst, AB",1,1
2193,"Lodge, AB",1,1
2194,"Alhambra, AB",1,1
2195,"Springbrook, AB",1,1
1009,"Master, ON",1,1
2176,"Tofield, AB",1,1
2163,"Spring Lake, AB",1,1
784,"Sainte-Perpétue, QC",1,1
1019,"Beachburg, ON",1,1
781,"Daveluyville, QC",1,1
782,"Saint-Albert, QC",1,1
1018,"Gracefield, QC",1,1
169,"Wileville, NS",1,1
177,"Annapolis, NS",1,1
783,"Yamaska, QC",1,1
2432,"Port Edward, BC",1,1
2168,"Foremost, AB",1,1
1011,"Haley Station, ON",1,1
1016,"South Algonquin, ON",1,1
27,"Cocagne, NB",1,1
2170,"Irvine, AB",1,1
2429,"Bridge, BC",1,1
1014,"Sainte-cecile-de-masham, QC",1,1
1013,"Indian, ON",1,1
1012,"Sainte-Cécile-de-Masham, QC",1,1
2174,"Elkwater, AB",1,1
176,"Titusville, NB",1,1
2122,"Delacour, AB",1,1
2133,"Spedden, AB",1,1
193,"Meteghan Centre, NS",1,1
1074,"Hemmingford, QC",1,1
2075,"Lumberton, BC",1,1
1073,"Monkland, QC",1,1
10,"Richmond, PE",1,1
2077,"Skookumchuck, BC",1,1
2078,"Jaffray, BC",1,1
2079,"Grasmere, BC",1,1
2463,"Carcross, YT",1,1
751,"Notre-Dame-du-Bon-Conseil, QC",1,1
734,"Saint-Casimir, QC",1,1
1070,"Saint-Valérien-de-Milton, QC",1,1
1069,"Notre-Dame, QC",1,1
1068,"Sainte-Angèle-de-Monnoir, QC",1,1
2085,"Evansburg, AB",1,1
2086,"Buck Lake, AB",1,1
2459,"Granville, YT",1,1
2088,"Wildwood, AB",1,1
194,"Bedford, NB",1,1
733,"Cap-rouge, QC",1,1
8,"Miminegash, PE",1,1
1076,"Saint-Ignace-de-Stanbridge, QC",1,1
750,"Saint-Wenceslas, QC",1,1
200,"Judique, NS",1,1
2055,"Carseland, AB",1,1
1085,"Langelier, QC",1,1
1084,"La Croche, QC",1,1
599,"Le Bic, QC",1,1
2059,"Lomond, AB",1,1
2060,"Greenview, AB",1,1
1082,"Pierreville, QC",1,1
1081,"Chertsey, QC",1,1
2064,"Sputinow, AB",1,1
2467,"Aklavik, NT",1,1
1079,"Saint-Urbain-Premier, QC",1,1
2066,"Onion Lake, SK",1,1
2067,"Dewberry, AB",1,1
2469,"Tulita, NT",1,1
2068,"La Corey, AB",1,1
2069,"Loon Lake, SK",1,1
739,"Lanoraie, QC",1,1
2070,"Glendon, AB",1,1
2456,"One Hundred Mile House, BC",1,1
2455,"Forest Grove, BC",1,1
2132,"Wandering River, AB",1,1
192,"S Lake, NS",1,1
2115,"Kinuso, AB",1,1
2116,"Widewater, AB",1,1
183,"Maces Bay, NB",1,1
771,"Lawrenceville, QC",1,1
1049,"Lac-Saint-Paul, QC",1,1
1047,"Namur, QC",1,1
2121,"Cadomin, AB",1,1
772,"Saint-Eugène, QC",1,1
994,"Pine Valley, ON",1,1
1046,"French, QC",1,1
17,"Ellerslie, PE",1,1
2445,"Kitsumkalum, BC",1,1
610,"Pointe-aux-outardes, QC",1,1
773,"Wotton, QC",1,1
2127,"Caslan, AB",1,1
178,"Auburndale, NS",1,1
1037,"D'Alembert, QC",1,1
2130,"Vilna, AB",1,1
2131,"Waskatenau, AB",1,1
1051,"Nominingue, QC",1,1
2113,"Wagner, AB",1,1
2112,"Girouxville, AB",1,1
188,"Bear River, NS",1,1
1062,"Boily, QC",1,1
190,"Calders Head, NB",1,1
1058,"Val-des-Bois, QC",1,1
731,"Saint-omer, QC",1,1
2098,"Edgerton, AB",1,1
2452,"Black Creek, BC",1,1
729,"Inverness, QC",1,1
189,"Saint John West, NB",1,1
1056,"By, QC",1,1
2111,"Debolt, AB",1,1
1055,"Villeneuve, QC",1,1
185,"Gagetown, NB",1,1
1054,"Saint-emile-de-suffolk, QC",1,1
1053,"Mont-Saint-Michel, QC",1,1
184,"Hibernia Cove, NB",1,1
2108,"Nampa, AB",1,1
2109,"Eaglesham, AB",1,1
2449,"Gitwinksihlkw, BC",1,1
612,"Saint-anaclet, QC",1,1
2210,"Bay Tree, AB",1,1
725,"Saint-Léon-de-Standon, QC",1,1
878,"Saint-ours, QC",1,1
888,"Sainte-Victoire-de-Sorel, QC",1,1
887,"Saint-Alexis, QC",1,1
2312,"Thurlow, BC",1,1
818,"Bayshore, ON",1,1
2313,"Roy, BC",1,1
69,"Slemon Park, PE",1,1
2315,"Gillies Bay, BC",1,1
68,"Victoria, PE",1,1
886,"Saint-François-du-Lac, QC",1,1
884,"Lotbiniere, QC",1,1
883,"Lanaudière, QC",1,1
882,"Des Ormeaux, QC",1,1
2321,"Brilliant, BC",1,1
65,"Sainte-marie-de-kent, NB",1,1
63,"East Wiltshire, PE",1,1
2387,"Okanagan-Similkameen D, BC",1,1
2325,"Balfour, BC",1,1
2326,"Montrose, BC",1,1
880,"Saint-Alexis-des-Monts, QC",1,1
817,"Westboro, ON",1,1
2308,"French Creek, BC",1,1
699,"Shannon, QC",1,1
72,"New Jersey, NB",1,1
2396,"Logan Lake, BC",1,1
80,"Brooklyn, PE",1,1
899,"Sainte-Eulalie, QC",1,1
78,"Southampton, PE",1,1
77,"Georgetown, PE",1,1
897,"Sainte-victoire-de-sorel, QC",1,1
74,"Coburg, NB",1,1
73,"Brackley Beach, PE",1,1
896,"Saint-Pie-de-Guire, QC",1,1
2307,"Sayward, BC",1,1
71,"Elsipogtog First Nation, NB",1,1
895,"Pont-Rouge, QC",1,1
2301,"Egmont, BC",1,1
2302,"Deep Bay, BC",1,1
894,"Saint-Jean-de-Matha, QC",1,1
893,"L'avenir, QC",1,1
891,"Saint-Paulin, QC",1,1
655,"Ahuntsic, QC",1,1
62,"Robichaud, NB",1,1
2332,"Crescent Valley, BC",1,1
2397,"Darfield, BC",1,1
2333,"Robson, BC",1,1
857,"Saint-Majorique, QC",1,1
2357,"Oak Bay, BC",1,1
48,"Newton, PE",1,1
56,"Green Gables, PE",1,1
672,"Saint-jean-d'orleans, QC",1,1
54,"Tracadie, PE",1,1
689,"Boischatel, QC",1,1
2363,"Bear Flat, BC",1,1
2377,"Langdale, BC",1,1
51,"Petit-Cap, NB",1,1
683,"Sainte-croix, QC",1,1
2367,"Charlie Lake, BC",1,1
684,"Armagh, QC",1,1
2369,"Valley View, BC",1,1
840,"Saint-clet, QC",1,1
2370,"Baldonnel, BC",1,1
2371,"Demmitt, AB",1,1
842,"Vaudreuil-sur-le-lac, QC",1,1
2374,"Prophet River, BC",1,1
47,"Union Road, PE",1,1
660,"Saint-hugues, QC",1,1
46,"Freetown, PE",1,1
2342,"Harrison Mills, BC",1,1
876,"Masson, QC",1,1
2335,"Kitchener, BC",1,1
874,"Vercheres, QC",1,1
2337,"Kootenay Bay, BC",1,1
872,"Saint-Élie-de-Caxton, QC",1,1
2339,"Rock Creek, BC",1,1
2340,"Kootenay, BC",1,1
871,"Saint-Paul, QC",1,1
2343,"Tulameen, BC",1,1
2353,"Royal Oak, BC",1,1
2344,"Lindell Beach, BC",1,1
61,"Lutes Mountain, NB",1,1
60,"Notre-Dame, NB",1,1
868,"Sainte-Thècle, QC",1,1
59,"Indian Mountain, NB",1,1
821,"Hammond, ON",1,1
691,"Saint-antoine-de-tilly, QC",1,1
58,"Lakeville, NB",1,1
901,"Saint-Joseph-de-Sorel, QC",1,1
902,"Saint-barthelemy, QC",1,1
991,"Fort-Coulonge, QC",1,1
939,"Saint-Louis-de-France, QC",1,1
33,"Haute-aboujagane, NB",1,1
140,"Tatamagouche, NS",1,1
2226,"Dewdney, BC",1,1
139,"Westmorland, NB",1,1
138,"Salisbury, NB",1,1
137,"Pugwash, NS",1,1
634,"Saint-Urbain, QC",1,1
793,"Alfred, ON",1,1
2419,"Gabriola, BC",1,1
951,"North Gower, ON",1,1
2418,"Nanoose, BC",1,1
133,"Cornhill, NB",1,1
950,"Vankleek Hill, ON",1,1
130,"Upper Brookside, NS",1,1
129,"Dorchester, NB",1,1
128,"Earltown, NS",1,1
2417,"Port Renfrew, BC",1,1
943,"Sawyerville, QC",1,1
126,"Avonport, NS",1,1
2423,"Tahsis, BC",1,1
2221,"Lac Ste. Anne County, AB",1,1
2424,"Telegraph Cove, BC",1,1
973,"Baie-Sainte-Catherine, QC",1,1
2200,"Dimsdale, AB",1,1
627,"Saint-Bruno-de-Guigues, QC",1,1
980,"L'Étang-du-Nord, QC",1,1
2204,"Silver Valley, AB",1,1
976,"La Rivière, QC",1,1
975,"Saint-isidore-de-laprairie, QC",1,1
2207,"La Glace, AB",1,1
630,"Cobalt, ON",1,1
2211,"Pouce Coupe, BC",1,1
2220,"Westlock County, AB",1,1
154,"Clementsport, NS",1,1
972,"Saint-Fabien, QC",1,1
971,"Saint-Mathieu-de-Rioux, QC",1,1
970,"Grandes-bergeronnes, QC",1,1
969,"Sacré-Coeur, QC",1,1
967,"Saint-denis-de-la-bouteillerie, QC",1,1
2218,"Fox Creek, AB",1,1
2219,"New Sarepta, AB",1,1
942,"Westbury, QC",1,1
36,"Fernwood, PE",1,1
2285,"West End, BC",1,1
2413,"Vancouver Island, BC",1,1
92,"Vernon River, PE",1,1
711,"Saint-neree, QC",1,1
90,"Malagash, NS",1,1
917,"Beaumont, QC",1,1
915,"Scott, QC",1,1
2272,"Westwold, BC",1,1
2273,"Rutland, BC",1,1
710,"Saint-sylvestre, QC",1,1
653,"Saint-François, QC",1,1
2402,"North Delta, BC",1,1
910,"Destor, QC",1,1
2401,"Murrayville, BC",1,1
2278,"Gellatly, BC",1,1
654,"Cartierville, QC",1,1
2280,"Monte Lake, BC",1,1
905,"Ivry-sur-le-Lac, QC",1,1
84,"Murray Harbour, PE",1,1
2398,"Walhachin, BC",1,1
903,"Notre-Dame-de-Lourdes, QC",1,1
2266,"Fintry, BC",1,1
2406,"Copper Mountain, BC",1,1
921,"Lac Constance, QC",1,1
716,"Saint-Rédempteur, QC",1,1
118,"Chignecto, NS",1,1
2248,"Walnut Grove, BC",1,1
117,"Petitcodiac, NB",1,1
935,"Lac-Brome, QC",1,1
2412,"Sunshine Coast, BC",1,1
2251,"Saltspring Island, BC",1,1
641,"Temagami, ON",1,1
719,"Saint-Nérée-de-Bellechasse, QC",1,1
2409,"Cedar, BC",1,1
1089,"Lac-aux-sables, QC",1,1
930,"Mont-Sainte-Anne, QC",1,1
929,"Saint-Janvier, QC",1,1
2408,"Chase River, BC",1,1
926,"Saint-Dominique, QC",1,1
925,"Sainte-Anne-de-Sorel, QC",1,1
924,"Saint-jean-baptiste, QC",1,1
923,"Otterburn Park, QC",1,1
2407,"North Bend, BC",1,1
1539,"M'chigeeng, ON",1,1
2006,"Lamont County, AB",1,1
1090,"Riviere-a-pierre, QC",1,1
323,"Baie-sainte-anne, NB",1,1
328,"Carleton-sur-Mer, QC",1,1
327,"New Carlisle, QC",1,1
408,"Sussex East, NB",1,1
409,"Four Corners, NB",1,1
1355,"Centralia, ON",1,1
410,"Fredericton Junction, NB",1,1
411,"Dow Settlement, NB",1,1
1711,"Fournier, ON",1,1
1712,"Bristol, ON",1,1
1713,"St. John, ON",1,1
1714,"Devonshire, ON",1,1
1715,"Abbotsford, ON",1,1
1352,"Churchill, ON",1,1
1717,"Crawford, ON",1,1
412,"Elmsville, NB",1,1
1719,"Torrance, ON",1,1
1350,"River Drive Park, ON",1,1
1721,"Williamstown, ON",1,1
1722,"Plantagenet, ON",1,1
1348,"Stoney Point/Pointe-aux-Roches, ON",1,1
1724,"South Glengarry, ON",1,1
1346,"East Windsor, ON",1,1
324,"Benoit, NB",1,1
1703,"Fenwick, ON",1,1
1702,"Stevensville, ON",1,1
329,"New-Richmond, QC",1,1
1373,"Langton, ON",1,1
1674,"Ashton, ON",1,1
1387,"Vienna, ON",1,1
1386,"Norfolk County, ON",1,1
401,"Hartford, NB",1,1
1384,"Ohsweken, ON",1,1
1380,"Warwick, ON",1,1
402,"Nasonworth, NB",1,1
1682,"Plattsville, ON",1,1
1377,"Erie, ON",1,1
403,"Bath, NB",1,1
1686,"Morewood, ON",1,1
407,"Old Ridge, NB",1,1
404,"Bristol, NB",1,1
1691,"Wallacetown, ON",1,1
1692,"Comber, ON",1,1
1693,"Rodney, ON",1,1
1694,"Carlisle, ON",1,1
1695,"Wyoming, ON",1,1
1696,"Orono, ON",1,1
1697,"Clarington, ON",1,1
406,"Evandale, NB",1,1
1699,"St. Davids, ON",1,1
1344,"Mooretown, ON",1,1
1343,"Pelee Island, ON",1,1
306,"Saint-Simon, NB",1,1
1342,"Mcgregor, ON",1,1
1764,"Matachewan, ON",1,1
1766,"Alma, ON",1,1
1767,"East Garafraxa, ON",1,1
1307,"Cheltenham, ON",1,1
311,"Bertrand, NB",1,1
1304,"Alton, ON",1,1
444,"Fulford, QC",1,1
1773,"Wood, ON",1,1
1774,"Garden Village, ON",1,1
445,"Bolton-est, QC",1,1
1300,"Rexdale, ON",1,1
1778,"Petersburg, ON",1,1
1779,"Wikwemikong, ON",1,1
453,"Eastman, QC",1,1
1293,"Belfountain, ON",1,1
1783,"Leduc, ON",1,1
478,"Rougemont, QC",1,1
1785,"Beardmore, ON",1,1
308,"Grande-Anse, NB",1,1
1287,"Sharon, ON",1,1
1790,"Vineland Station, ON",1,1
1792,"Guelph/Eramosa, ON",1,1
1281,"Rosemont, ON",1,1
1310,"Maxwell, ON",1,1
1761,"Lowbanks, ON",1,1
1311,"Tiny, ON",1,1
1324,"Troy, ON",1,1
322,"Lamèque, NB",1,1
1338,"Kent Bridge, ON",1,1
320,"Eel Ground, NB",1,1
413,"Saint-andré, NB",1,1
1334,"Union, ON",1,1
1738,"Naughton, ON",1,1
1330,"Cottam, ON",1,1
415,"Geary, NB",1,1
416,"Hersonville, NB",1,1
417,"Aulac, NB",1,1
1746,"Henvey Inlet 2, ON",1,1
1312,"Campbellville, ON",1,1
1747,"Alban, ON",1,1
419,"Back Bay, NB",1,1
420,"Lord's Cove, NB",1,1
421,"Lambert's Cove, NB",1,1
1751,"Markstay, ON",1,1
422,"Cummings Cove, NB",1,1
1753,"Travers, ON",1,1
423,"Burpee, NB",1,1
1313,"Loretto, ON",1,1
1758,"Lac Seul, ON",1,1
1389,"Delaware, ON",1,1
1672,"Merrickville, ON",1,1
1390,"Beachville, ON",1,1
1669,"Iroquois, ON",1,1
1576,"Lake Simcoe, ON",1,1
1496,"Seeleys Bay, ON",1,1
379,"Lake Utopia, NB",1,1
383,"Waterville, NB",1,1
384,"Northampton, NB",1,1
386,"Lower St Marys, NB",1,1
1482,"Queensborough, ON",1,1
1481,"Tamworth, ON",1,1
1480,"Whitney, ON",1,1
1479,"Stirling-Rawdon, ON",1,1
1478,"Ennismore, ON",1,1
1476,"Blue Mountain, ON",1,1
1475,"Lake of Bays, ON",1,1
1590,"Gilford, ON",1,1
387,"New Bandon, NB",1,1
1473,"Curve Lake, ON",1,1
1470,"Burleigh Falls, ON",1,1
1468,"Youngs Point, ON",1,1
1467,"Foxboro, ON",1,1
1466,"Woodview, ON",1,1
1465,"Dysart, ON",1,1
1461,"Douro, ON",1,1
1602,"Elmwood, ON",1,1
377,"Wilmot, NB",1,1
1498,"Shannonville, ON",1,1
356,"Esprit-saint, QC",1,1
1517,"Camden East, ON",1,1
1542,"Nairn and Hyman, ON",1,1
1544,"Thompson, ON",1,1
1546,"Meldrum Bay, ON",1,1
1548,"Richards Landing, ON",1,1
1523,"Glenburnie, ON",1,1
1522,"Leeds, ON",1,1
365,"Saint-jean-de-dieu, QC",1,1
1521,"Baltimore, ON",1,1
1520,"Castleton, ON",1,1
1518,"Elginburg, ON",1,1
362,"Lac-des-aigles, QC",1,1
1506,"Cannifton, ON",1,1
1558,"Annan, ON",1,1
361,"Pohenegamook, QC",1,1
1515,"Omemee, ON",1,1
1562,"Holland Centre, ON",1,1
1514,"Ameliasburgh, ON",1,1
1566,"Hepworth, ON",1,1
359,"Enterprise, NB",1,1
1510,"Westport, ON",1,1
1507,"Demorestville, ON",1,1
357,"California Settlement, NB",1,1
1603,"Lefroy, ON",1,1
1604,"Ayton, ON",1,1
1458,"Mathers Corners, ON",1,1
1652,"Kearney, ON",1,1
1421,"Waterford, ON",1,1
1641,"Kirkfield, ON",1,1
1420,"Mount Elgin, ON",1,1
1417,"Doon, ON",1,1
1644,"Cannington, ON",1,1
1416,"Brownsville, ON",1,1
1648,"Port Sydney, ON",1,1
1649,"Zephyr, ON",1,1
1650,"Rama Road, ON",1,1
1651,"Hillsdale, ON",1,1
1412,"Mount Hope, ON",1,1
1638,"Rama, ON",1,1
1410,"Highgate, ON",1,1
1407,"Dublin, ON",1,1
1406,"Wallenstein, ON",1,1
1658,"Wooler, ON",1,1
1405,"Oxford, ON",1,1
1660,"Lansdowne, ON",1,1
1404,"Thamesford, ON",1,1
1664,"Delta, ON",1,1
1399,"Kirkton, ON",1,1
1668,"Merrickville-Wolford, ON",1,1
1639,"Reaboro, ON",1,1
1636,"Sundridge, ON",1,1
1607,"Virginia, ON",1,1
394,"Sussex Area, NB",1,1
389,"Hazelton, NB",1,1
1447,"Cardiff, ON",1,1
1611,"Victoria Harbour, ON",1,1
1446,"Selwyn, ON",1,1
1613,"Warminster, ON",1,1
1614,"Chatsworth, ON",1,1
1442,"Plainfield, ON",1,1
391,"French Village-york, NB",1,1
342,"Drummond, NB",1,1
1620,"Huron East, ON",1,1
1622,"Huron Park, ON",1,1
1423,"Washington, ON",1,1
395,"Lincoln, NB",1,1
397,"Richibucto Road, NB",1,1
1626,"Brechin, ON",1,1
1426,"Galt, ON",1,1
1629,"Magnetawan, ON",1,1
1425,"Townsend, ON",1,1
1424,"Watford, ON",1,1
1632,"Dunchurch, ON",1,1
1633,"Strong, ON",1,1
1634,"Mckellar, ON",1,1
1794,"Hannon, ON",1,1
484,"Roxton Pond, QC",1,1
2050,"De Winton, AB",1,1
1979,"North Edmonton, AB",1,1
247,"Kings, Subd. A, NS",1,1
588,"Sainte-Germaine-Boulé, QC",1,1
1156,"Maliotenam, QC",1,1
1154,"Canal de la Rive Sud, QC",1,1
1956,"Newbrook, AB",1,1
1151,"Grand-remous, QC",1,1
1149,"La Durantaye, QC",1,1
243,"Goffs, NS",1,1
241,"Head Of St Margarets Bay, NS",1,1
1145,"Saint-Évariste, QC",1,1
1965,"Tawatinaw, AB",1,1
1966,"Ardrossan, AB",1,1
1143,"Saint-Honoré-de-Shenley, QC",1,1
1142,"Saint-Ferdinand, QC",1,1
1969,"Mundare, AB",1,1
1970,"Leduc County, AB",1,1
1971,"Sturgeon, AB",1,1
1141,"Saint-Séverin, QC",1,1
1140,"Sainte-henedine, QC",1,1
1139,"Sainte-lucie-de-beauregard, QC",1,1
1138,"Marbleton, QC",1,1
1976,"Lamont, AB",1,1
1977,"Calahoo, AB",1,1
1163,"Outremont, QC",1,1
248,"Head of St. Margarets Bay, NS",1,1
1164,"Franklin, QC",1,1
1934,"Vauxhall, AB",1,1
1183,"Roxton, QC",1,1
1923,"Pollockville, AB",1,1
1925,"Turin, AB",1,1
1926,"Vulcan County, AB",1,1
1179,"Cardinal, ON",1,1
1176,"Pointe-calumet, QC",1,1
1930,"Arrowwood, AB",1,1
1175,"Nicolet-Yamaska, QC",1,1
1932,"Sunnynook, AB",1,1
256,"Whites Lake, NS",1,1
1935,"Rainier, AB",1,1
1165,"Grande-vallee, QC",1,1
1174,"Philipsburg, QC",1,1
1938,"Hussar, AB",1,1
254,"Bayers Lake, NS",1,1
1168,"Ormstown, QC",1,1
1167,"Sainte-Marcelline-de-Kildare, QC",1,1
1166,"Papineauville, QC",1,1
251,"Beechville, NS",1,1
250,"Sherwood, NS",1,1
1946,"Ryley, AB",1,1
249,"Hatchet Lake, NS",1,1
1978,"Goodfish Lake, AB",1,1
1980,"Roxboro, AB",1,1
305,"Balmoral, NB",1,1
1981,"Canyon Meadows, AB",1,1
2020,"Lundbreck, AB",1,1
2021,"Coalhurst, AB",1,1
2022,"Waterton Park, AB",1,1
2023,"Waterton, AB",1,1
213,"Murray River, PE",1,1
212,"Dufferin, NS",1,1
2027,"Galahad, AB",1,1
2029,"Byemoor, AB",1,1
209,"Afton Station, NS",1,1
2033,"Federal, AB",1,1
208,"Scotsburn, NS",1,1
2035,"Amisk, AB",1,1
2036,"Gadsby, AB",1,1
1099,"Frontenac, QC",1,1
1096,"Cook, QC",1,1
2041,"Rumsey, AB",1,1
2042,"Donalda, AB",1,1
1094,"Red Bay, NL",1,1
2044,"Lougheed, AB",1,1
2045,"Consort, AB",1,1
207,"St. Andrews, NS",1,1
594,"Authier, QC",1,1
204,"Point Tupper, NS",1,1
1108,"Ponsonby, QC",1,1
591,"Fraser, QC",1,1
2016,"Nobleford, AB",1,1
1996,"Exshaw, AB",1,1
1982,"Langdon, AB",1,1
1137,"Saint-prosper-de-dorchester, QC",1,1
1136,"Notre-dame-des-bois, QC",1,1
1985,"Ferintosh, AB",1,1
1132,"Ham-Sud, QC",1,1
223,"Victoria, Subd. B, NS",1,1
1992,"Bow Valley Provincial Park, AB",1,1
1126,"Saint-patrice-de-beaurivage, QC",1,1
1994,"Dead Man's Flats, AB",1,1
1995,"Kananaskis Village, AB",1,1
221,"Havre Boucher, NS",1,1
2014,"Glenwood, AB",1,1
219,"Valley, NS",1,1
590,"Comtois, QC",1,1
1118,"La Romaine, QC",1,1
215,"Inverness, Subd. B, NS",1,1
1536,"Iron Bridge, ON",1,1
1115,"Lantier, QC",1,1
1114,"Lac-Laurel, QC",1,1
1113,"Cartier, QC",1,1
214,"Iron Mines, NS",1,1
2011,"Granum, AB",1,1
1184,"Saint-Prime, QC",1,1
1185,"Saint-Joseph, QC",1,1
1919,"Fincastle, AB",1,1
257,"Sussex Corner, NB",1,1
1829,"Canfield, ON",1,1
1830,"Moose, ON",1,1
1832,"Dorion, ON",1,1
1833,"Neebing, ON",1,1
1836,"Desboro, ON",1,1
514,"Stanbridge Station, QC",1,1
1838,"Shallow Lake, ON",1,1
1839,"Nobel, ON",1,1
1840,"Henvey, ON",1,1
515,"Kahnawake, QC",1,1
1842,"Portland, ON",1,1
1843,"Maberly, ON",1,1
1844,"Brigden, ON",1,1
1845,"Camlachie, ON",1,1
291,"Trout Brook, NB",1,1
1238,"Mount Albert, ON",1,1
1849,"St. Paul's Bay, ON",1,1
516,"Sainte-Cécile-de-Milton, QC",1,1
1851,"Monkton, ON",1,1
1852,"Egmondville, ON",1,1
1853,"Lions Head, ON",1,1
517,"Saint-blaise-sur-richelieu, QC",1,1
1855,"Paisley, ON",1,1
295,"Allardville, NB",1,1
1827,"Moose Factory, ON",1,1
1826,"Mansfield, ON",1,1
1812,"White, ON",1,1
302,"Paquetville, NB",1,1
1800,"Calstock, ON",1,1
1801,"Way, ON",1,1
1802,"Constance Lake 92, ON",1,1
1803,"Val Rita, ON",1,1
1804,"Verdun, ON",1,1
1806,"West Guilford, ON",1,1
487,"Bolton-Est, QC",1,1
1265,"Mississauga Valley, ON",1,1
501,"Saint-Chrysostome, QC",1,1
1813,"Rennie, MB",1,1
1825,"Norval, ON",1,1
1814,"Moose Lake, MB",1,1
1815,"West Hawk Lake, MB",1,1
502,"Saint-mathias-sur-richelieu, QC",1,1
1260,"Courtice, ON",1,1
1257,"Darlington, ON",1,1
504,"Saint-Blaise-sur-Richelieu, QC",1,1
1251,"Brougham, ON",1,1
1250,"Don Mills, ON",1,1
1249,"Uxbridge, ON",1,1
1824,"Penetang, ON",1,1
522,"Pike River, QC",1,1
1857,"Red Bay, ON",1,1
523,"Roxton Falls, QC",1,1
563,"Lac-kenogami, QC",1,1
550,"St-nazaire-du-lac-st-jean, QC",1,1
551,"Desbiens, QC",1,1
1891,"Cremona, AB",1,1
554,"Saint-Coeur-de-Marie, QC",1,1
555,"Saint-bruno-lac-saint-jean, QC",1,1
557,"Saint-Nazaire, QC",1,1
1896,"Lyalta, AB",1,1
266,"Ross Ferry, NS",1,1
1898,"Evergreen, AB",1,1
562,"Saint-honore-de-chicoutimi, QC",1,1
573,"Landrienne, QC",1,1
547,"Mistassini, QC",1,1
577,"Cadillac, QC",1,1
581,"Trécesson, QC",1,1
1200,"Astorville, ON",1,1
582,"Privat, QC",1,1
263,"Shearwater, NS",1,1
1913,"Scandia, AB",1,1
1190,"Thurso, QC",1,1
1915,"Rolling Hills, AB",1,1
1188,"Les Coteaux, QC",1,1
1187,"Charny, QC",1,1
272,"Dayton, NS",1,1
274,"Overton, NS",1,1
1859,"Hornings Mills, ON",1,1
1872,"East Zorra-Tavistock, ON",1,1
1860,"Amberley, ON",1,1
1861,"Badjeros, ON",1,1
1863,"Bognor, ON",1,1
1864,"Chepstow, ON",1,1
1865,"Grey, ON",1,1
1866,"Holstein, ON",1,1
1867,"Formosa, ON",1,1
1868,"Craigleith, ON",1,1
1869,"Smooth Rock Falls, ON",1,1
1870,"South Bruce Peninsula, ON",1,1
1873,"La Salette, ON",1,1
275,"Ingomar, NS",1,1
1874,"Downsview, ON",1,1
284,"Northwest, NS",1,1
540,"Dolbeau-Mistassini, QC",1,1
282,"Glenwood, NS",1,1
281,"Tusket, NS",1,1
280,"Brooklyn, NS",1,1
279,"Clark's Harbour, NS",1,1
542,"Saint-Ludger-de-Milot, QC",1,1
546,"Hebertville-station, QC",1,1
276,"Wedgeport, NS",1,1
1608,"Holland Landing, ON",1,1
