location,Actual_jobs
"Cavendish, PE",2
"Prince Edward Island, PE",12
Prince Edward Island,2
"Moncton, NB",371
"Alberton, PE",5
"Kensington, PE",17
"Tyne Valley, PE",2
"Charlottetown, PE",275
"Miminegash, PE",1
"Cornwall, PE",12
"Richmond, PE",1
"Summerside, PE",71
"O'Leary, PE",8
"Bloomfield, PE",5
"Central Bedeque, PE",3
"Clyde River, PE",3
"Cap-Pelé, NB",9
"Ellerslie, PE",1
"West Point, PE",3
"Bloomfield Station, PE",1
"Wellington, PE",3
"Elmsdale, PE",1
"Bouctouche, NB",18
"York, PE",4
"North Rustico, PE",4
"Kinkora, PE",3
"Stratford, PE",10
"Cocagne, NB",1
"Borden-Carleton, PE",4
"Saint-Antoine, NB",4
"Shediac, NB",29
"Crapaud, PE",4
"Dieppe, NB",92
"Haute-aboujagane, NB",1
"Albany, PE",6
"New Annan, PE",9
"Fernwood, PE",1
"Scoudouc, NB",12
"Tignish, PE",3
"Hunter River, PE",4
"Breadalbane, PE",3
"Bedeque, PE",2
"Richibucto, NB",13
"Waterford, PE",2
"West Branch, NB",4
"Rexton, NB",4
"Freetown, PE",1
"Union Road, PE",1
"Newton, PE",1
"Escuminac, NB",2
"Queens, PE",2
"Petit-Cap, NB",1
"Neguac, NB",3
"Bay Du Vin, NB",7
"Tracadie, PE",1
"Sainte-anne-de-kent, NB",3
"Green Gables, PE",1
"Port Elgin, NB",3
"Lakeville, NB",1
"Indian Mountain, NB",1
"Notre-Dame, NB",1
"Lutes Mountain, NB",1
"Robichaud, NB",1
"East Wiltshire, PE",1
Canada,65
"Sainte-marie-de-kent, NB",1
"Baie-ste-anne, NB",8
"Grande-digue, NB",2
"Victoria, PE",1
"Slemon Park, PE",1
"Irishtown, NB",3
"Elsipogtog First Nation, NB",1
"New Jersey, NB",1
"Brackley Beach, PE",1
"Coburg, NB",1
"Montague, PE",23
"Orwell Cove, PE",2
"Georgetown, PE",1
"Southampton, PE",1
"Souris, PE",9
"Brooklyn, PE",1
"Lakeside, PE",2
"Millbrook, NS",4
"Village Green, PE",3
"Murray Harbour, PE",1
"Cardigan, PE",6
"South Shore, NS",4
"Marie, PE",3
"Vernon Bridge, PE",2
"New Glasgow, NS",65
"Malagash, NS",1
"Antigonish, NS",95
"Vernon River, PE",1
"Wallace, NS",9
"Pictou, NS",12
"Stellarton, NS",19
"Port Hood, NS",3
"Debert, NS",4
"Riverview, NB",13
"Amherst, NS",81
"Moncton Area, NB",11
Nova Scotia,8
"Hantsport, NS",5
"Kentville, NS",55
"Port Howe, NS",2
"Berwick, NS",25
"Oxford, NS",7
"Wolfville, NS",23
"Cambridge, NS",6
"New Minas, NS",75
"Windsor, NS",22
"Springhill, NS",3
"Truro, NS",82
"Penobsquis, NB",2
"Greenwich, NS",3
"Sackville, NB",16
"Canning, NS",4
"Petitcodiac, NB",1
"Chignecto, NS",1
"Coldbrook, NS",9
"Atlanta, NS",4
"Waterville, NS",13
"Brookfield, NS",2
"Memramcook, NB",3
"Port Williams, NS",5
"Upper Onslow, NS",4
"Avonport, NS",1
"Newport, NS",6
"Earltown, NS",1
"Dorchester, NB",1
"Upper Brookside, NS",1
"Truro Heights, NS",2
"Falmouth, NS",3
"Cornhill, NB",1
"Kings, NS",4
"Fox Harbour, NS",3
"Bible Hill, NS",2
"Pugwash, NS",1
"Salisbury, NB",1
"Westmorland, NB",1
"Tatamagouche, NS",1
"Bridgewater, NS",107
"Weymouth, NS",14
"Digby, NS",40
"Annapolis Royal, NS",9
"Lawrencetown., NS",2
"Greenfield, NS",7
"Greenwood, NS",53
"Bridgetown, NS",11
"Milford, NS",2
"Saint John, NB",435
"Kingston, NS",24
"Hebbville, NS",9
"Grand Bay-Westfield, NB",4
"Clementsport, NS",1
"Aylesford, NS",5
"Upper Golden Grove, NB",2
"Quispamsis, NB",36
"Auburn, NS",2
"Middleton, NS",22
"Rothesay, NB",28
"Saulnierville, NS",3
"Westport, NS",2
"New Germany, NS",2
"Yarmouth, NS",103
"Italy Cross, NS",2
"New Ross, NS",3
"Queens, NS",1
"Nauwigewauk, NB",1
"Wileville, NS",1
"Western Shore, NS",10
"Saint John East, NB",8
"Tiverton, NS",3
"Mahone Bay, NS",4
"Bloomfield, NB",1
"Meteghan, NS",2
"Titusville, NB",1
"Annapolis, NS",1
"Auburndale, NS",1
"Pennfield, NB",3
"Norton, NB",5
"Cookville, NS",4
"Upper LaHave, NS",2
"Maces Bay, NB",1
"Hibernia Cove, NB",1
"Gagetown, NB",1
"Hampton, NB",3
"Church Point, NS",2
"Bear River, NS",1
"Saint John West, NB",1
"Calders Head, NB",1
"Kingston, NB",3
"S Lake, NS",1
"Meteghan Centre, NS",1
"Bedford, NB",1
"Burnside, NS",3
"Barneys River Station, NS",2
"Port Hawkesbury, NS",33
"Guysborough, NS",2
"Sheet Harbour, NS",4
"Judique, NS",1
"Port Hastings, NS",2
"Westville, NS",6
"St. Peter's, NS",4
"Point Tupper, NS",1
"Liscomb, NS",24
"Mabou, NS",3
"St. Andrews, NS",1
"Scotsburn, NS",1
"Afton Station, NS",1
"Inverness, NS",29
"Whycocomagh, NS",4
"Dufferin, NS",1
"Murray River, PE",1
"Iron Mines, NS",1
"Inverness, Subd. B, NS",1
"Arichat, NS",2
"Valley, PE",5
"Canso, NS",2
"Valley, NS",1
"Aulds Cove, NS",2
"Havre Boucher, NS",1
"Trenton, NS",3
"Victoria, Subd. B, NS",1
"Lunenburg, NS",21
"Lower Sackville, NS",53
"Halifax, NS",424
"Hammonds Plains, NS",17
"Lantz, NS",4
"Goodwood, NS",3
"Bedford, NS",98
"Dartmouth, NS",224
"Enfield, NS",6
"Chester, NS",12
"Fall River, NS",10
"Elmsdale, NS",13
"Mount Uniacke, NS",8
"Hardwood Lands, NS",3
"Upper Tantallon, NS",10
"Tantallon, NS",3
"Sussex, NB",36
"Head Of St Margarets Bay, NS",1
"Middle Sackville, NS",5
"Goffs, NS",1
"Dartmouth Crossing, NS",11
"Hubley, NS",2
"Hacketts Cove, NS",2
"Kings, Subd. A, NS",1
"Head of St. Margarets Bay, NS",1
"Hatchet Lake, NS",1
"Sherwood, NS",1
"Beechville, NS",1
"Roachville, NB",2
"Beaver Bank, NS",3
"Bayers Lake, NS",1
"Hillsborough, NB",2
"Whites Lake, NS",1
"Sussex Corner, NB",1
"Shelburne, NS",20
"Cole Harbour, NS",5
"Liverpool, NS",6
"Hunts Point, NS",2
"Lockeport, NS",2
"Shearwater, NS",1
"Baddeck, NS",2
"Cape Breton, NS",2
"Ross Ferry, NS",1
"Centreville, NS",4
"Barrington Passage, NS",9
"Barrington, NS",7
"Atlantic, NS",9
"Lakeside, NS",10
"Dayton, NS",1
"Clyde River, NS",2
"Overton, NS",1
"Ingomar, NS",1
"Wedgeport, NS",1
"Arcadia, NS",2
"Argyle, NS",2
"Clark's Harbour, NS",1
"Brooklyn, NS",1
"Tusket, NS",1
"Glenwood, NS",1
"Middle Musquodoboit, NS",4
"Northwest, NS",1
"Stewiacke, NS",3
New Brunswick,12
"Miramichi, NB",118
"Shippagan, NB",7
"Bathurst, NB",102
"Atholville, NB",46
"Trout Brook, NB",1
"Caraquet, NB",13
"Lugar, NB",8
"Miramichi Area, NB",2
"Allardville, NB",1
"Campbellton, NB",52
"Charlo, NB",2
"Tracadie-Sheila, NB",7
"Beresford, NB",2
"Saint-Elzéar, QC",10
"Belledune, NB",2
"Paquetville, NB",1
"Tracadie, NB",15
"Baie des Chaleurs, QC",9
"Balmoral, NB",1
"Saint-Simon, NB",1
"New Richmond, QC",51
"Grande-Anse, NB",1
"Rogersville, NB",2
"Renous, NB",13
"Bertrand, NB",1
"Port-daniel, QC",7
"Bathurst Area, NB",3
"Port-Daniel--Gascons, QC",8
"Bonaventure, QC",20
"Dalhousie, NB",6
"Paspebiac, QC",6
"Saint Margarets, NB",2
"Nouvelle, QC",9
"Eel Ground, NB",1
"Shigawake, QC",2
"Lamèque, NB",1
"Baie-sainte-anne, NB",1
"Benoit, NB",1
"Saint-Isidore, NB",3
"Tide Head, NB",2
"New Carlisle, QC",1
"Carleton-sur-Mer, QC",1
"New-Richmond, QC",1
"Brunswick, NB",4
"Saint-Quentin, NB",6
"Causapscal, QC",4
"Kedgwick, NB",3
"Amqui, QC",20
"Lac-au-saumon, QC",2
"Sainte-flavie, QC",2
"Edmundston, NB",97
"Grand Falls, NB",33
"Saint-leonard, NB",8
"Saint-francois-de-madawaska, NB",6
"Baker Brook, NB",3
"Drummond, NB",1
"Clair, NB",3
"Grand-sault/grand Falls, NB",2
"Sainte-anne-de-madawaska, NB",2
"Grand Falls--grand-sault, NB",4
"Woodstock Area, NB",2
"Grand-Sault, NB",3
"Saint-basile, NB",3
"St. André, NB",2
"Kincardine, NB",10
"Perth-Andover, NB",2
"Degelis, QC",13
"Bas-Saint-Laurent, QC",19
"Saint-modeste, QC",5
"Esprit-saint, QC",1
"California Settlement, NB",1
"Sainte-Françoise, QC",5
"Enterprise, NB",1
"Témiscouata-sur-le-Lac, QC",4
"Pohenegamook, QC",1
"Lac-des-aigles, QC",1
"Saint-antonin, QC",5
"Saint-narcisse-de-beaurivage, QC",2
"Saint-jean-de-dieu, QC",1
"Sully, QC",2
"Les Escoumins, QC",3
"Fredericton, NB",524
"Oromocto, NB",35
"St. Stephen, NB",14
"New Maryland, NB",4
"Waasis, NB",9
"Florenceville, NB",7
"Burtts Corner, NB",3
"Hanwell, NB",7
"Florenceville-Bristol, NB",5
"Wilmot, NB",1
"Tracyville, NB",4
"Lake Utopia, NB",1
"Hartland, NB",10
"Blacks Harbour, NB",5
"Woodstock, NB",32
"Waterville, NB",1
"Northampton, NB",1
"Rockland, NB",5
"Lower St Marys, NB",1
"New Bandon, NB",1
"Centreville, NB",4
"Hazelton, NB",1
"Nackawic, NB",8
"French Village-york, NB",1
"Chipman, NB",6
"Saint Stephen, NB",2
"Sussex Area, NB",1
"Lincoln, NB",1
"St. George, NB",7
"Richibucto Road, NB",1
"Belleisle Creek, NB",2
"Lindsay, NB",2
"Jacksonville, NB",3
"Hartford, NB",1
"Nasonworth, NB",1
"Bath, NB",1
"Bristol, NB",1
"Doaktown, NB",2
"Evandale, NB",1
"Old Ridge, NB",1
"Sussex East, NB",1
"Four Corners, NB",1
"Fredericton Junction, NB",1
"Dow Settlement, NB",1
"Elmsville, NB",1
"Saint-andré, NB",1
"Queensbury, NB",2
"Geary, NB",1
"Hersonville, NB",1
"Aulac, NB",1
"Saint Andrews, NB",11
"Back Bay, NB",1
"Lord's Cove, NB",1
"Lambert's Cove, NB",1
"Cummings Cove, NB",1
"Burpee, NB",1
"Saint-Philippe, QC",2
"Montréal, QC",792
"Knowlton, QC",9
"Montérégie, QC",15
"Cowansville, QC",38
"Dunham, QC",2
"Saint-Hubert, QC",124
"Westmount, QC",12
"Brossard, QC",294
"Mansonville, QC",5
"Granby, QC",253
"Longueuil, QC",124
"Ange-Gardien, QC",25
"Beloeil, QC",76
"Saint-Constant, QC",25
"Sutton, QC",6
"Mont-royal, QC",14
"Boucherville, QC",76
"Chambly, QC",17
"Châteauguay, QC",47
"Fulford, QC",1
"Bolton-est, QC",1
"Sainte-Julie, QC",32
"Saint-Hyacinthe, QC",252
"Saint-Jean-sur-Richelieu, QC",157
"Saint-Césaire, QC",12
"Bromont, QC",35
"Richmond, QC",8
"Lasalle, QC",15
"Eastman, QC",1
"Waterloo, QC",7
"Saint-leonard, QC",16
"Saint-Laurent, QC",50
"Mont-Saint-Grégoire, QC",6
"Saint-Lambert, QC",41
"Saint-Bruno-de-Montarville, QC",29
"Lachine, QC",34
"Montréal-Est, QC",26
"Beauharnois, QC",11
"Verdun, QC",13
"La Prairie, QC",32
"West Island, QC",3
"Delson, QC",9
"Sherbrooke, QC",625
"Drummondville, QC",336
"Acton Vale, QC",9
"Varennes, QC",42
"Dorval, QC",46
"Repentigny, QC",96
"Saint-Rémi, QC",10
"Farnham, QC",9
"Mercier, QC",14
"Mont-Saint-Hilaire, QC",18
"Saint-Basile-le-Grand, QC",10
"Rougemont, QC",1
"Greater Montreal Area, QC",6
"Anjou, QC",93
"Côte-Saint-Luc, QC",7
"Sainte-Catherine, QC",8
"Shefford, QC",2
"Roxton Pond, QC",1
"Saint-François-Xavier-de-Brompton, QC",4
"Waterville, QC",12
"Bolton-Est, QC",1
"Carignan, QC",6
"Saint-Mathieu-de-Beloeil, QC",17
"Marieville, QC",3
"Valcourt, QC",6
"Saint-Alphonse-de-Granby, QC",5
"Rivière-des-Prairies, QC",11
"Austin, QC",2
"Greenfield Park, QC",3
"Bedford, QC",5
"Candiac, QC",26
"Montréal-Ouest, QC",8
"Coaticook, QC",10
"Magog, QC",133
"Saint-Chrysostome, QC",1
"Saint-mathias-sur-richelieu, QC",1
"Napierville, QC",8
"Saint-Blaise-sur-Richelieu, QC",1
"North Hatley, QC",3
"Town of Mount-Royal, QC",3
"Laval, QC",338
"Lacolle, QC",2
"Windsor, QC",9
"Saint-Antoine-sur-Richelieu, QC",2
"Richelieu, QC",6
"Sainte-madeleine, QC",3
"Sainte-Martine, QC",2
"Stanbridge Station, QC",1
"Kahnawake, QC",1
"Sainte-Cécile-de-Milton, QC",1
"Saint-blaise-sur-richelieu, QC",1
"Terrebonne, QC",103
"Saint-Roch-de-l'Achigan, QC",12
"Dollard-Des Ormeaux, QC",43
"Mascouche, QC",40
"Pike River, QC",1
"Roxton Falls, QC",1
"Louiseville, QC",13
"Senneville, QC",18
"L'Île-Perrot, QC",21
"Joliette, QC",115
"Kirkland, QC",60
"L'Assomption, QC",18
"Vaudreuil-Dorion, QC",77
"Girardville, QC",5
"Lac-Saint-Jean, QC",25
"Sainte-monique-lac-saint-jean, QC",2
"Saint-Gédéon, QC",2
"Dolbeau, QC",9
"Saint-Félicien, QC",22
"Normandin, QC",13
"Alma, QC",94
"Metabetchouan-lac-a-la-croix, QC",3
"Dolbeau-Mistassini, QC",1
"Charlevoix, QC",10
"Saint-Ludger-de-Milot, QC",1
"Roberval, QC",32
"La Dore, QC",3
"Dolbeau-mistassini, QC",15
"Hebertville-station, QC",1
"Mistassini, QC",1
"Saint-Ambroise, QC",7
"Saint-Stanislas, QC",2
"St-nazaire-du-lac-st-jean, QC",1
"Desbiens, QC",1
"De l'Île, QC",5
"Chomedey, QC",3
"Saint-Coeur-de-Marie, QC",1
"Saint-bruno-lac-saint-jean, QC",1
"Bourget, QC",2
"Saint-Nazaire, QC",1
Quebec Province,17
"Saguenay, QC",145
"Jonquière, QC",108
"Chicoutimi, QC",219
"Saint-honore-de-chicoutimi, QC",1
"Lac-kenogami, QC",1
"La Baie, QC",26
"Saint-Honoré, QC",3
"Laterriere, QC",4
"Amos, QC",86
"Val-d'Or, QC",232
"Rouyn-Noranda, QC",174
"Abitibi, QC",2
"Lebel-sur-Quévillon, QC",11
"Dollard, QC",3
"Landrienne, QC",1
"La Sarre, QC",66
"Clermont, QC",2
"Malartic, QC",20
"Cadillac, QC",1
"Abitibi-Témiscamingue, QC",11
"Vanier, QC",21
"Lac-simon, QC",3
"Trécesson, QC",1
"Privat, QC",1
"Palmarolle, QC",12
"Rouyn, QC",4
"Senneterre, QC",3
"Dupuy, QC",4
"Taschereau, QC",2
"Sainte-Germaine-Boulé, QC",1
"Lebel-sur-quevillon, QC",2
"Comtois, QC",1
"Fraser, QC",1
"Macamic, QC",5
"Villebois, QC",2
"Authier, QC",1
"Mont-Joli, QC",23
"Matane, QC",84
"Rimouski, QC",196
"Baie-Comeau, QC",107
"Le Bic, QC",1
"Courcelette, QC",2
"Saint-pascal, QC",12
"Les Mechins, QC",2
"Sainte-Irène, QC",3
"St-Valérien, QC",2
"Saint-Anaclet-de-Lessard, QC",5
"Pointe-Lebel, QC",3
"Saint-Damase, QC",3
"Saint-gabriel-de-rimouski, QC",2
"Sainte-Marguerite, QC",3
"Pointe-aux-outardes, QC",1
"Godbout, QC",2
"Saint-anaclet, QC",1
"Sayabec, QC",2
"Saint-donat, QC",11
"Coteau-du-Lac, QC",19
"Mirabel, QC",123
"Pincourt, QC",9
"Saint-Jérôme, QC",84
"Baie-d'urfe, QC",56
"Bois-des-Filion, QC",12
"Hudson, QC",6
"Haileybury, ON",22
"Ville-Marie, QC",16
"Kirkland Lake, ON",38
"Bearn, QC",3
"New Liskeard, ON",32
"Saint-Bruno-de-Guigues, QC",1
"Harley, ON",5
"Témiscamingue, QC",4
"Cobalt, ON",1
"Earlton, ON",3
"Englehart, ON",8
"Temiskaming Shores, ON",5
"Saint-Urbain, QC",1
"Témiscaming, QC",5
"Notre-dame-du-nord, QC",2
"Timmins, ON",265
"Elk Lake, ON",3
"West Nipissing / Nipissing Ouest, ON",3
"Timiskaming, ON",2
"Temagami, ON",1
"Bellefeuille, QC",2
"Hudson, ON",2
"Saint-Sauveur, QC",46
"Montreal-nord, QC",15
"Pointe-aux-trembles, QC",6
"Lachenaie, QC",12
"Pierrefonds, QC",19
"Sainte-Thérèse, QC",64
"Boisbriand, QC",87
"Pointe-Claire, QC",69
"Blainville, QC",179
"Saint-François, QC",1
"Cartierville, QC",1
"Ahuntsic, QC",1
"Saint-Eustache, QC",62
"Sainte-Anne-de-Bellevue, QC",13
"Sainte-Anne-des-Plaines, QC",14
"Beaconsfield, QC",10
"Saint-hugues, QC",1
"Rosemère, QC",35
"Lévis, QC",189
"Saint-joseph-de-beauce, QC",21
"Quebec City, QC",616
"Beauceville, QC",40
"Chaudière-Appalaches, QC",51
"Saint-Nicolas, QC",12
"Saint-lazare-de-bellechasse, QC",6
"Tring-jonction, QC",4
"Sainte-Claire, QC",13
"L'Islet, QC",2
"Saint-jean-d'orleans, QC",1
"Charlesbourg, QC",4
"Sainte-Foy, QC",31
"Saint-Anselme, QC",19
"Montmagny, QC",38
"Beauport, QC",7
"Cap-Saint-Ignace, QC",7
"Thetford Mines, QC",137
"La Guadeloupe, QC",13
"Saint-Victor, QC",13
"Saint-henri-de-levis, QC",11
"Sainte-croix, QC",1
"Armagh, QC",1
"Sainte-Marie, QC",90
"Saint-just-de-bretenieres, QC",4
"Saint-Romuald, QC",5
"Saint-Georges, QC",216
"Boischatel, QC",1
"L'Ancienne-Lorette, QC",7
"Saint-antoine-de-tilly, QC",1
"Saint-Augustin-de-Desmaures, QC",11
"Capitale-Nationale, QC",24
"Laurier-station, QC",6
"Baie-Saint-Paul, QC",27
"Sainte-Anne-de-Beaupré, QC",3
"Pintendre, QC",4
"Saint-pacome, QC",2
"Shannon, QC",1
"Saint-Gédéon-de-Beauce, QC",9
"Portneuf, QC",4
"Saint-vallier, QC",2
"Neuville, QC",2
"Sainte-Justine, QC",4
"Saint-charles-de-bellechasse, QC",4
"Beauce, QC",19
"Saint-Michel-de-Bellechasse, QC",2
"Saint-Georges-de-Beauce, QC",34
"Saint-agapit, QC",4
"Saint-sylvestre, QC",1
"Saint-neree, QC",1
"Lac-beauport, QC",2
"Saint-apollinaire, QC",13
"La Pocatiere, QC",41
"Sainte-Marie-De-Beauce, QC",17
"Saint-Rédempteur, QC",1
"Vallee-jonction, QC",14
"Adstock, QC",11
"Saint-Nérée-de-Bellechasse, QC",1
"Lac-Etchemin, QC",3
"Saint-Raymond, QC",12
"Saint-Isidore, QC",10
"Saint-Bernard, QC",13
"Chateau-richer, QC",2
"Saint-Léon-de-Standon, QC",1
"Donnacona, QC",3
"Saint-ferreol-les-neiges, QC",1
"Saint-lambert-de-lauzon, QC",18
"Inverness, QC",1
"Saint-jacques-de-leeds, QC",2
"Saint-omer, QC",1
"Sainte Catherine de la Jacques Cartier, QC",2
"Cap-rouge, QC",1
"Saint-Casimir, QC",1
"Victoriaville, QC",164
"Rockland, QC",2
"Berthierville, QC",15
"Princeville, QC",13
"Lanoraie, QC",1
"Shawinigan, QC",189
"Trois-Rivières, QC",317
"Nicolet, QC",16
"Disraeli, QC",6
"Centre-du-Québec, QC",11
"Saint-Lucien, QC",4
"Saint-Léonard-d'Aston, QC",5
"Lac-a-la-tortue, QC",2
"Villeroy, QC",2
"Plessisville, QC",8
"Saint-Wenceslas, QC",1
"Notre-Dame-du-Bon-Conseil, QC",1
"Saint-ubalde, QC",8
"Lac-Mégantic, QC",55
"Kingsey Falls, QC",7
"Asbestos, QC",13
"Sorel-Tracy, QC",47
"Saint-Patrice, QC",3
"Saint-francois-du-lac, QC",3
"Sorel, QC",9
"Warwick, QC",3
"Saint-Odilon, QC",5
"Ascot Corner, QC",4
"Bécancour, QC",17
"Saint-edouard-de-lotbiniere, QC",4
"Saint-Denis-sur-Richelieu, QC",3
"East Angus, QC",5
"Trois-Rivières-Ouest, QC",7
"Wickham, QC",5
"Estrie, QC",2
"Saint-Germain-de-Grantham, QC",8
"Lawrenceville, QC",1
"Saint-Eugène, QC",1
"Wotton, QC",1
"Saint-Narcisse, QC",9
"Maskinonge, QC",1
"Hatley, QC",1
"Saint-Marc-des-Carrières, QC",4
"Yamachiche, QC",19
"Saint-Gilbert, QC",2
"Danville, QC",3
"Daveluyville, QC",1
"Saint-Albert, QC",1
"Yamaska, QC",1
"Sainte-Perpétue, QC",1
"Cleveland, QC",1
"Weedon, QC",5
"Notre-dame-des-prairies, QC",4
"Sainte-Adèle, QC",30
"Auteuil, QC",2
"Sainte-Dorothée, QC",4
"Les Cedres, QC",2
"La Conception, QC",3
"Alfred, ON",1
"Sainte-Agathe-des-Monts, QC",83
"Saint-Henri, QC",2
"Gatineau, QC",329
"Ottawa, ON",717
"Nepean, ON",48
"Cantley, QC",15
"Orleans, ON",57
"Aylmer, QC",8
"Hull, QC",19
"Barrhaven, ON",7
"National Capital Region, ON",5
"Kanata, ON",94
"Brockville, ON",114
"Chelsea, QC",10
"Carlsbad Springs, ON",2
"Greely, ON",2
"Winchester, ON",2
"Gloucester, ON",19
"Stittsville, ON",28
"Ottawa West, ON",9
"Cornwall, ON",173
"Richmond, ON",5
"Vars, ON",5
"Westboro, ON",1
"Bayshore, ON",1
"Manotick, ON",8
"Vanier, ON",2
"Hammond, ON",1
"Wakefield, QC",9
"Ottawa East, ON",5
"Maitland, ON",3
"Hunt Club, ON",3
"Kemptville, ON",17
"Saint-André-Avellin, QC",18
"Toronto, ON",509
"Bells Corners, ON",2
"Forestville, QC",4
"Baie-trinite, QC",3
"Notre-dame-de-l'ile-perrot, QC",9
"Deux-Montagnes, QC",4
"Lachute, QC",30
"L'Île-des-Soeurs, QC",3
"Salaberry-de-Valleyfield, QC",104
"L'ile-bizard, QC",2
"Saint-Joseph-du-Lac, QC",3
"Saint-Zotique, QC",5
"Saint-clet, QC",1
"Oka, QC",3
"Vaudreuil-sur-le-lac, QC",1
"Saint-Ambroise-de-Kildare, QC",5
"Sherrington, QC",2
"Rigaud, QC",10
"La Malbaie, QC",31
"Tadoussac, QC",11
"Port-Cartier, QC",16
"Sainte-Anne-des-Monts, QC",10
"Mont-Albert, QC",2
"Mauricie, QC",13
"L'epiphanie, QC",2
"Shawinigan-sud, QC",6
"Saint-Esprit, QC",8
"Saint-Gabriel-de-Brandon, QC",9
"Saint-Jacques, QC",3
"Saint-Majorique, QC",1
"Saint-Boniface, QC",2
"Laurier, QC",4
"Rawdon, QC",7
"Saint-Charles-Borromée, QC",16
"Grand-mere, QC",8
"Lavaltrie, QC",13
"Saint-paulin, QC",2
"Cap-de-la-Madeleine, QC",7
"Contrecoeur, QC",2
"Saint-sulpice, QC",2
"Sainte-Thècle, QC",1
"Saint-Félix-de-Valois, QC",5
"Crabtree, QC",4
"Saint-Paul, QC",1
"Saint-Élie-de-Caxton, QC",1
"Saint-Thomas, QC",5
"Vercheres, QC",1
"Sainte-Rosalie, QC",3
"Masson, QC",1
"Saint-Étienne-des-Grès, QC",2
"Saint-ours, QC",1
"Saint-Guillaume, QC",2
"Saint-Alexis-des-Monts, QC",1
"La Presentation, QC",2
"Des Ormeaux, QC",1
"Lanaudière, QC",1
"Lotbiniere, QC",1
"Saint-Gérard-des-Laurentides, QC",4
"Saint-François-du-Lac, QC",1
"Saint-Alexis, QC",1
"Sainte-Victoire-de-Sorel, QC",1
"Saint-stanislas-de-champlain, QC",2
"Saint-Tite, QC",9
"Saint-Paulin, QC",1
"Saint-Ubalde, QC",5
"L'avenir, QC",1
"Saint-Jean-de-Matha, QC",1
"Pont-Rouge, QC",1
"Saint-Pie-de-Guire, QC",1
"Sainte-victoire-de-sorel, QC",1
"L'ange Gardien, QC",2
"Sainte-Eulalie, QC",1
"Saint-georges-de-champlain, QC",2
"Saint-Joseph-de-Sorel, QC",1
"Saint-barthelemy, QC",1
"Notre-Dame-de-Lourdes, QC",1
"Massueville, QC",2
"Ivry-sur-le-Lac, QC",1
"Mont-Tremblant, QC",129
"Montcalm, QC",2
"Saint-Faustin-Lac-Carré, QC",5
"Saint-Adolphe-d'Howard, QC",7
"Destor, QC",1
"Sainte-Marguerite-du-Lac-Masson, QC",2
"Chibougamau, QC",54
"Mistissini, QC",12
"Vimont, QC",5
"Scott, QC",1
"Chapais, QC",6
"Beaumont, QC",1
"Du Tremblay, QC",2
"Mattawa, ON",6
"Mattawan, ON",9
"Lac Constance, QC",1
"Mcmasterville, QC",2
"Otterburn Park, QC",1
"Saint-jean-baptiste, QC",1
"Sainte-Anne-de-Sorel, QC",1
"Saint-Dominique, QC",1
"Cookshire, QC",2
"Sainte-Sophie, QC",5
"Saint-Janvier, QC",1
"Mont-Sainte-Anne, QC",1
"Saint-Canut, QC",2
"Gaspésie-Îles-de-la-Madeleine, QC",31
"Cap-d'espoir, QC",2
"Chandler, QC",14
"Lac-Brome, QC",1
"Fleurimont, QC",12
"Rock Forest, QC",6
"Lennoxville, QC",2
"Saint-Louis-de-France, QC",1
"Cookshire-Eaton, QC",4
"Saint-sebastien, QC",2
"Westbury, QC",1
"Sawyerville, QC",1
"Orford, QC",5
"Limoges, ON",4
"Hawkesbury, ON",31
"Brownsburg-Chatham, QC",2
"Grenville, QC",2
"Piedmont, QC",6
"Vankleek Hill, ON",1
"North Gower, ON",1
"Maniwaki, QC",45
"Arnprior, ON",55
"Pembroke, ON",153
"Renfrew, ON",24
"Val-des-Monts, QC",4
"Buckingham, QC",10
"Cumberland, ON",2
"Russell, ON",2
"Rivière-du-Loup, QC",221
"Baie-sainte-catherine, QC",10
"Saint-alexandre-de-kamouraska, QC",4
"Saint-philippe-de-neri, QC",5
"Trois-Pistoles, QC",7
"Saint-simeon, QC",2
"Cacouna, QC",3
"Saint-denis-de-la-bouteillerie, QC",1
"Notre-dame-du-portage, QC",4
"Sacré-Coeur, QC",1
"Grandes-bergeronnes, QC",1
"Saint-Mathieu-de-Rioux, QC",1
"Saint-Fabien, QC",1
"Baie-Sainte-Catherine, QC",1
"Carp, ON",10
"Saint-isidore-de-laprairie, QC",1
"La Rivière, QC",1
"Îles-de-la-Madeleine, QC",8
"Cap-aux-Meules, QC",4
"Les Îles-de-la-Madeleine, QC",2
"L'Étang-du-Nord, QC",1
"Gaspé, QC",57
"Perce, QC",4
"Grande-riviere, QC",3
"Nord-du-Québec, QC",3
"Chalk River, ON",18
"Petawawa, ON",27
"Outaouais, QC",19
"Deep River, ON",19
"Head, ON",6
"Marche, QC",4
"Fort-Coulonge, QC",1
"Eganville, ON",6
"Cobden, ON",5
"Pine Valley, ON",1
"La Pêche, QC",4
"Pakenham, ON",8
"Lemay, QC",3
"Quyon, QC",3
"Dunrobin, ON",2
"Calabogie, ON",5
"Barry's Bay, ON",6
"Wilberforce, ON",1
"Shawville, QC",3
"Pontiac, QC",4
"Combermere, ON",1
"Braeside, ON",5
"Wabash, QC",1
"Foresters Falls, ON",6
"Master, ON",1
"Campbell's Bay, QC",3
"Haley Station, ON",1
"Sainte-Cécile-de-Masham, QC",1
"Indian, ON",1
"Sainte-cecile-de-masham, QC",1
"Bryson, QC",3
"South Algonquin, ON",1
"Dorion, QC",2
"Gracefield, QC",1
"Beachburg, ON",1
"Golden Lake, ON",1
"Fort-coulonge, QC",2
"Mansfield-et-Pontefract, QC",1
"Kinburn, ON",1
"Charlemagne, QC",4
"Saint-Lin--Laurentides, QC",5
"Chénéville, QC",2
"Vaudreuil-Soulanges, QC",1
"Brigham, QC",1
"Desjardins, QC",5
"Matagami, QC",4
"Isle-Dieu, QC",1
"Sainte-Marthe-sur-le-Lac, QC",1
"Laval-ouest, QC",2
"Saint-Martin, QC",10
"Saint-Charles-de-Drummond, QC",1
"Saint-Nicéphore, QC",2
"D'Alembert, QC",1
"Sainte-clotilde-de-beauce, QC",5
"East Broughton, QC",4
"Sainte-Anne, QC",2
"Mont-Laurier, QC",81
"Ferme-Neuve, QC",4
"Laurentides, QC",28
"La Macaza, QC",12
"Rivière-Rouge, QC",13
"French, QC",1
"Namur, QC",1
"Bois-Franc, QC",7
"Lac-Saint-Paul, QC",1
"Aux, QC",2
"Nominingue, QC",1
"Joly, QC",2
"Mont-Saint-Michel, QC",1
"Saint-emile-de-suffolk, QC",1
"Villeneuve, QC",1
"By, QC",1
"Orléanais, QC",2
"Val-des-Bois, QC",1
"Fermont, QC",13
"Labrador City, NL",55
"Wabush, NL",13
"Boily, QC",1
"Côte-Nord, QC",18
"Carleton Place, ON",41
"Gascons, QC",6
"Riviere-au-Renard, QC",2
"Saint-Pie, QC",2
"Sainte-Angèle-de-Monnoir, QC",1
"Notre-Dame, QC",1
"Saint-Valérien-de-Milton, QC",1
"La Tuque, QC",37
"Grenville-sur-la-Rouge, QC",2
"Monkland, QC",1
"Hemmingford, QC",1
"Henryville, QC",2
"Saint-Ignace-de-Stanbridge, QC",1
"Howick, QC",2
"Saint-Louis-de-Gonzague, QC",3
"Saint-Urbain-Premier, QC",1
"Saint-Lazare, QC",6
"Chertsey, QC",1
"Pierreville, QC",1
"Bourgeoys, QC",18
"La Croche, QC",1
"Langelier, QC",1
"La Salle, QC",4
"Sainte-Christine-d'Auvergne, QC",2
"Matawin, QC",2
"Lac-aux-sables, QC",1
"Riviere-a-pierre, QC",1
"Saint-Faustin, QC",2
"Saint-Augustin, QC",38
"L'anse Au Loup, NL",3
"Red Bay, NL",1
"Forteau, NL",3
"Cook, QC",1
"Flower's Cove, NL",2
"L'isle-aux-grues, QC",2
"Frontenac, QC",1
"Lambton, QC",2
"Notre-dame-de-la-merci, QC",4
"Gouin, QC",2
"Val-morin, QC",2
"Sainte-Agathe, QC",5
"Val-david, QC",8
"Morin-heights, QC",15
"Montebello, QC",2
"Ponsonby, QC",1
"Saint-Michel-des-Saints, QC",8
"Saint-Donat, QC",2
"Saint-donat-de-montcalm, QC",2
"Plaisance, QC",2
"Cartier, QC",1
"Lac-Laurel, QC",1
"Lantier, QC",1
"Lac-des-ecorces, QC",2
"Le Gardeur, QC",4
"La Romaine, QC",1
"Saint-benoit-labre, QC",27
"Sainte-Aurelie, QC",5
"Saint-honore-de-shenley, QC",2
"Saints-anges, QC",6
"Saint-ephrem-de-beauce, QC",27
"Saint-Jean-Chrysostome, QC",7
"Saint-Romain, QC",2
"Saint-patrice-de-beaurivage, QC",1
"Saint-Côme-Linière, QC",6
"Lac-drolet, QC",7
"Shenley, QC",2
"Courcelles, QC",3
"Ham-nord, QC",3
"Ham-Sud, QC",1
"Notre-dame-des-pins, QC",2
"Saint-pierre-de-broughton, QC",2
"Beaulac-garthby, QC",2
"Notre-dame-des-bois, QC",1
"Saint-prosper-de-dorchester, QC",1
"Marbleton, QC",1
"Sainte-lucie-de-beauregard, QC",1
"Sainte-henedine, QC",1
"Saint-Séverin, QC",1
"Saint-Ferdinand, QC",1
"Saint-Honoré-de-Shenley, QC",1
"Sainte-agathe-de-lotbiniere, QC",3
"Saint-Évariste, QC",1
"Saint-Frédéric, QC",2
"Saint-robert-bellarmin, QC",2
"Bellechasse Regional County Municipality, QC",5
"La Durantaye, QC",1
"Saint-Éphrem-de-Beauce, QC",2
"Grand-remous, QC",1
"Rockland, ON",5
"Embrun, ON",7
"Canal de la Rive Sud, QC",1
"Long Sault, ON",4
"Maliotenam, QC",1
"Sept-Îles, QC",127
"Uashat, QC",5
"Prevost, QC",6
"Saint-Sauveur-des-Monts, QC",3
"Sainte-Marthe, QC",3
"Alexandria, ON",3
"Outremont, QC",1
"Franklin, QC",1
"Grande-vallee, QC",1
"Papineauville, QC",1
"Sainte-Marcelline-de-Kildare, QC",1
"Ormstown, QC",1
"Hamel, QC",10
"Radisson, QC",4
"Crémazie, QC",3
"Bureau, QC",4
"Bourassa, QC",2
"Philipsburg, QC",1
"Nicolet-Yamaska, QC",1
"Pointe-calumet, QC",1
"Saint-André-d'Argenteuil, QC",3
"Crysler, ON",3
"Cardinal, ON",1
"Sharbot Lake, ON",3
"Metcalfe, ON",2
"Lancaster, ON",2
"Roxton, QC",1
"Saint-Prime, QC",1
"Saint-Joseph, QC",1
"Saint-Pamphile, QC",6
"Charny, QC",1
"Les Coteaux, QC",1
"Schefferville, QC",6
"Thurso, QC",1
"North Bay, ON",351
"Sturgeon Falls, ON",14
"Field, ON",30
"Deux-Rivières, ON",2
"West Nipissing, ON",3
"Powassan, ON",2
"Nipissing, North, ON",9
"Clara, ON",4
"Corbeil, ON",3
"Astorville, ON",1
"Callander, ON",2
"Verner, ON",2
"Whitby, ON",62
"Ajax, ON",82
"Mississauga, ON",295
"Oshawa, ON",48
"Pickering, ON",64
"Scarborough, ON",118
"York University (Keele campus), ON",21
"Brampton, ON",375
"Port Perry, ON",4
"Richmond Hill, ON",99
"North York, ON",62
"Aurora, ON",120
"Markham, ON",315
Ontario,8
"Newmarket, ON",127
"Greater Toronto Area, ON",10
"Bowmanville, ON",11
"St. Catharines, ON",119
"Thornhill, ON",16
"Etobicoke, ON",49
"York, ON",35
"Hamilton, ON",246
"Concord, ON",58
"Cobourg, ON",45
"Caledon, ON",63
"Burlington, ON",326
"Stoney Creek, ON",17
"Woodbridge, ON",49
"Kawartha Lakes, ON",39
"Vaughan, ON",285
"Welland, ON",19
"Alliston, ON",39
"Milton, ON",142
"Stouffville, ON",8
"Oakville, ON",213
"Mount Albert, ON",1
"Brooklin, ON",2
"Bradford West Gwillimbury, ON",12
"Niagara Falls, ON",125
"Peterborough, ON",469
"East Gwillimbury, ON",11
"Grimsby, ON",39
"Peel, ON",37
"Niagara-on-the-Lake, ON",18
"Barrie, ON",351
"Whitchurch-Stouffville, ON",3
"Uxbridge, ON",1
"Don Mills, ON",1
"Brougham, ON",1
"Newcastle, ON",4
"Unionville, ON",7
"Orangeville, ON",41
"Port Hope, ON",18
"Puslinch, ON",2
"Darlington, ON",1
"Maple, ON",24
"King City, ON",6
"Courtice, ON",1
"Dundas, ON",4
"Bolton, ON",49
"New Tecumseth, ON",2
"Durham Region, ON",19
"Mississauga Valley, ON",1
"Innisfil, ON",27
"Georgetown, ON",13
"Cambridge, ON",238
"Collingwood, ON",152
"Tottenham, ON",9
"Wasaga Beach, ON",22
"Schomberg, ON",8
"Waterloo, ON",218
"Halton Hills, ON",16
"Brantford, ON",153
"Nobleton, ON",2
"Ayr, ON",9
"Terra Cotta, ON",3
"Kitchener, ON",149
"Acton, ON",3
"Rosemont, ON",1
"Cookstown, ON",10
"Hillsburgh, ON",3
"Palgrave, ON",2
"Fergus, ON",10
"Queensville, ON",2
"Sharon, ON",1
"Beeton, ON",2
"Harriston, ON",10
"Grand Valley, ON",3
"Listowel, ON",54
"The Blue Mountains, ON",22
"Belfountain, ON",1
"Port Severn, ON",2
"Niagara, ON",6
"Thornbury, ON",21
"Kitchener-Waterloo, ON",50
"Guelph, ON",222
"Shelburne, ON",37
"Rexdale, ON",1
"Breslau, ON",2
"Bradford, ON",13
"Elora, ON",8
"Alton, ON",1
"Bond Head, ON",2
"Erin, ON",5
"Cheltenham, ON",1
"Yorkdale, ON",2
"Kleinburg, ON",2
"Maxwell, ON",1
"Tiny, ON",1
"Campbellville, ON",1
"Loretto, ON",1
"Limehouse, ON",3
"Windsor, ON",471
"Leamington, ON",159
"Essex, ON",26
"Amherstburg, ON",35
"Kingsville, ON",90
"LaSalle, ON",12
"Tecumseh, ON",32
"Oldcastle, ON",16
"Chatham-Kent, ON",254
"Troy, ON",1
"Blenheim, ON",22
"Harrow, ON",16
"Maidstone, ON",5
"Lakeshore, ON",5
"Dresden, ON",10
"Cottam, ON",1
"Fletcher, ON",2
"Tilbury, ON",8
"Ruthven, ON",7
"Union, ON",1
"Wheatley, ON",5
"Wallaceburg, ON",15
"Belle River, ON",5
"Kent Bridge, ON",1
"Corunna, ON",5
"Pain Court, ON",2
"Sombra, ON",3
"Mcgregor, ON",1
"Pelee Island, ON",1
"Mooretown, ON",1
"Tupperville, ON",2
"East Windsor, ON",1
"Walpole Island, ON",4
"Stoney Point/Pointe-aux-Roches, ON",1
"Gormley, ON",3
"River Drive Park, ON",1
"Keswick, ON",20
"Churchill, ON",1
"Aylmer, ON",22
"Strathroy, ON",14
"Centralia, ON",1
"Tillsonburg, ON",25
"London, ON",372
"Woodstock, ON",38
"Hagersville, ON",6
"Port Stanley, ON",4
"St. Thomas, ON",82
"Hensall, ON",5
"Springfield, ON",2
"Port Franks, ON",3
"Bothwell, ON",5
"Simcoe, ON",10
"Otterville, ON",3
"Norwich, ON",6
"Dashwood, ON",3
"Zurich, ON",2
"Ingersoll, ON",14
"Courtland, ON",6
"Langton, ON",1
"Princeton, ON",3
"Putnam, ON",3
"Stratford, ON",83
"Erie, ON",1
"New Hamburg, ON",6
"Ancaster, ON",14
"Warwick, ON",1
"Mount Brydges, ON",3
"Ailsa Craig, ON",2
"St. Jacobs, ON",4
"Ohsweken, ON",1
"Paris, ON",10
"Norfolk County, ON",1
"Vienna, ON",1
"Burford, ON",4
"Delaware, ON",1
"Beachville, ON",1
"Jarvis, ON",2
"Elmira, ON",8
"Parkhill, ON",6
"Exeter, ON",5
"Seaforth, ON",16
"Ilderton, ON",2
"West Lorne, ON",4
"Thorndale, ON",3
"Kirkton, ON",1
"Komoka, ON",2
"Thamesville, ON",5
"Hyde Park, ON",2
"Arkona, ON",4
"Thamesford, ON",1
"Oxford, ON",1
"Wallenstein, ON",1
"Dublin, ON",1
"Delhi, ON",4
"Tavistock, ON",3
"Highgate, ON",1
"Burgessville, ON",3
"Mount Hope, ON",1
"Nanticoke, ON",2
"Glencoe, ON",2
"New Dundee, ON",2
"Brownsville, ON",1
"Doon, ON",1
"Lambton Shores, ON",5
"Brant, ON",7
"Mount Elgin, ON",1
"Waterford, ON",1
"Thedford, ON",2
"Washington, ON",1
"Watford, ON",1
"Townsend, ON",1
"Galt, ON",1
"Dorchester, ON",2
"Bancroft, ON",23
"Bobcaygeon, ON",12
"Quinte West, ON",24
"Trent Lakes, ON",3
"Madoc, ON",6
"Norwood, ON",12
"Campbellford, ON",30
"Fenelon Falls, ON",9
"Lakefield, ON",19
"Minden, ON",4
"Haliburton, ON",28
"Trent Hills, ON",2
"Dorset, ON",5
"Tweed, ON",7
"Plainfield, ON",1
"Roseneath, ON",5
"Keene, ON",5
"Dwight, ON",6
"Selwyn, ON",1
"Cardiff, ON",1
"Dunsford, ON",3
"Hastings, ON",2
"Marmora, ON",12
"Belleville, ON",322
"Frankford, ON",2
"Lawrence, ON",17
"Baysville, ON",7
"Apsley, ON",3
"Stirling, ON",6
"Lake, ON",5
"Mathers Corners, ON",1
"Northumberland, ON",5
"Havelock, ON",5
"Douro, ON",1
"Northbrook, ON",2
"Havelock-Belmont-Methuen, ON",2
"Warkworth, ON",5
"Dysart, ON",1
"Woodview, ON",1
"Foxboro, ON",1
"Youngs Point, ON",1
"Bridgenorth, ON",2
"Burleigh Falls, ON",1
"Buckhorn, ON",3
"Read, ON",5
"Curve Lake, ON",1
"Bracebridge, ON",127
"Lake of Bays, ON",1
"Blue Mountain, ON",1
"Long Lake, ON",3
"Ennismore, ON",1
"Stirling-Rawdon, ON",1
"Whitney, ON",1
"Tamworth, ON",1
"Queensborough, ON",1
"Muskoka, ON",47
"Midhurst, ON",7
"Simcoe County, ON",5
"Elmvale, ON",5
"Gravenhurst, ON",46
"Utopia, ON",2
"Oro-Medonte, ON",3
"Orillia, ON",73
"Lindsay, ON",45
"Greater Napanee, ON",49
"Bloomfield, ON",6
"Picton, ON",15
"Kingston, ON",306
"Seeleys Bay, ON",1
"Trenton, ON",69
"Shannonville, ON",1
"Inverary, ON",2
"Carrying Place, ON",6
"Amherstview, ON",5
"Brighton, ON",15
"Prince Edward, ON",5
"Grafton, ON",4
"Gananoque, ON",16
"Cannifton, ON",1
"Demorestville, ON",1
"Deseronto, ON",6
"Lonsdale, ON",4
"Westport, ON",1
"Millbrook, ON",2
"Cavan, ON",2
"Hillier, ON",5
"Ameliasburgh, ON",1
"Omemee, ON",1
"Odessa, ON",2
"Camden East, ON",1
"Elginburg, ON",1
"Bath, ON",2
"Castleton, ON",1
"Baltimore, ON",1
"Leeds, ON",1
"Glenburnie, ON",1
"Little Current, ON",15
"Bright, ON",4
"Elliot Lake, ON",22
"Bruce Mines, ON",3
"Blind River, ON",7
"May, ON",2
"Espanola, ON",22
"Mckerrow, ON",2
"Jasper, ON",2
"St. Joseph, ON",3
"Massey, ON",5
"Gore Bay, ON",6
"Iron Bridge, ON",1
"Manitoulin, ON",6
"Nairn Centre, ON",5
"M'chigeeng, ON",1
"Lane, ON",4
"Gibraltar, ON",6
"Nairn and Hyman, ON",1
"Echo Bay, ON",2
"Thompson, ON",1
"Desbarats, ON",2
"Meldrum Bay, ON",1
"Mills, ON",2
"Richards Landing, ON",1
"Wingham, ON",24
"Blue Mountains, ON",20
"Owen Sound, ON",155
"Lion's Head, ON",5
"Tiverton, ON",19
"Singhampton, ON",2
"Flesherton, ON",7
"Clarksburg, ON",8
"Markdale, ON",20
"Annan, ON",1
"Nottawa, ON",2
"Midland, ON",63
"Feversham, ON",3
"Holland Centre, ON",1
"Southampton, ON",6
"Moorefield, ON",4
"Port Carling, ON",14
"Hepworth, ON",1
"Walkerton, ON",38
"Creemore, ON",2
"Meaford, ON",19
"Stayner, ON",12
"Washago, ON",3
"Penetanguishene, ON",13
"Hanover, ON",55
"Teeswater, ON",7
"Parry Sound, ON",84
"Lake Simcoe, ON",1
"Tara, ON",6
"Conn, ON",2
"Proton Station, ON",2
"Mactier, ON",4
"Minett, ON",2
"Sauble Beach, ON",6
"Melancthon, ON",3
"Saugeen Shores, ON",5
"Kincardine, ON",58
"Dufferin, ON",6
"Georgina, ON",4
"Cedar Valley, ON",2
"Inglewood, ON",3
"Gilford, ON",1
"Arthur, ON",16
"Dundalk, ON",3
"Coldwater, ON",3
"Wiarton, ON",5
"Thornton, ON",2
"Chesley, ON",11
"Mount Forest, ON",32
"Carling, ON",4
"Durham, ON",19
"Bala, ON",5
"Palmerston, ON",18
"Elmwood, ON",1
"Lefroy, ON",1
"Ayton, ON",1
"Sutton West, ON",2
"Wellington, ON",7
"Virginia, ON",1
"Holland Landing, ON",1
"Kemble, ON",4
"Windermere, ON",2
"Victoria Harbour, ON",1
"Kenilworth, ON",3
"Warminster, ON",1
"Chatsworth, ON",1
"Egbert, ON",2
"Huron, ON",16
"Goderich, ON",54
"Sarnia, ON",66
"Varna, ON",2
"Huron East, ON",1
"Blyth, ON",2
"Huron Park, ON",1
"Clinton, ON",10
"Forest, ON",6
"Huntsville, ON",116
"Brechin, ON",1
"Beaverton, ON",6
"Muskoka Lakes, ON",3
"Magnetawan, ON",1
"Burk's Falls, ON",2
"Severn, ON",3
"Dunchurch, ON",1
"Strong, ON",1
"Mckellar, ON",1
"Rosseau, ON",3
"Sundridge, ON",1
"Pefferlaw, ON",2
"Rama, ON",1
"Reaboro, ON",1
"Severn Bridge, ON",2
"Kirkfield, ON",1
"Waubaushene, ON",2
"Milford Bay, ON",2
"Cannington, ON",1
"Angus, ON",2
"South River, ON",2
"Ramara, ON",2
"Port Sydney, ON",1
"Zephyr, ON",1
"Rama Road, ON",1
"Hillsdale, ON",1
"Kearney, ON",1
"Seguin, ON",3
"Dunnville, ON",10
"Port Colborne, ON",7
"Brussels, ON",6
"Scotland, ON",2
"Wooler, ON",1
"Woodridge, ON",2
"Lansdowne, ON",1
"Lyn, ON",2
"Prescott, ON",7
"Mallorytown, ON",3
"Delta, ON",1
"Smiths Falls, ON",36
"Perth, ON",28
"Johnstown, ON",2
"Merrickville-Wolford, ON",1
"Iroquois, ON",1
"Casselman, ON",4
"Ingleside, ON",5
"Merrickville, ON",1
"Osgoode, ON",2
"Ashton, ON",1
"Munster, ON",4
"Sault Ste. Marie, ON",233
"Garden River, ON",2
"Goulais River, ON",2
"Waterdown, ON",11
"Halton, ON",2
"Beamsville, ON",10
"Plattsville, ON",1
"Almonte, ON",14
"Mississippi Mills, ON",2
"Clarence-Rockland, ON",4
"Morewood, ON",1
"Morrisburg, ON",3
"Ridgetown, ON",5
"Point Edward, ON",5
"Petrolia, ON",7
"Wallacetown, ON",1
"Comber, ON",1
"Rodney, ON",1
"Carlisle, ON",1
"Wyoming, ON",1
"Orono, ON",1
"Clarington, ON",1
"Crystal Beach, ON",2
"St. Davids, ON",1
"Thorold, ON",5
"Fort Erie, ON",28
"Stevensville, ON",1
"Fenwick, ON",1
"Cochrane, ON",33
"Matheson, ON",14
"Schumacher, ON",4
"Detour Lake, ON",8
"Iroquois Falls, ON",7
"Moonbeam, ON",2
"South Porcupine, ON",3
"Fournier, ON",1
"Bristol, ON",1
"St. John, ON",1
"Devonshire, ON",1
"Abbotsford, ON",1
"Porcupine, ON",2
"Crawford, ON",1
"Sheraton, ON",2
"Torrance, ON",1
"Maxville, ON",4
"Williamstown, ON",1
"Plantagenet, ON",1
"St. Isidore, ON",3
"South Glengarry, ON",1
"Chelmsford, ON",16
"Greater Sudbury, ON",809
"Whitefish, ON",5
"Dowling, ON",2
"Val Caron, ON",23
"Copper Cliff, ON",3
"Shanty Bay, ON",4
"Lively, ON",37
"Garson, ON",10
"Azilda, ON",4
"Street, ON",8
"Noelville, ON",2
"Sudbury, North, ON",7
"Naughton, ON",1
"French River, ON",2
"Hanmer, ON",4
"Manitowaning, ON",3
"Felix, ON",3
"Onaping, ON",2
"Scotia, ON",2
"Greater Sudbury / Grand Sudbury, ON",2
"Henvey Inlet 2, ON",1
"Alban, ON",1
"Coniston, ON",4
"Capreol, ON",2
"New Sudbury, ON",2
"Markstay, ON",1
"St.-Charles, ON",2
"Travers, ON",1
"Dryden, ON",75
"Sioux Lookout, ON",100
"Ear Falls, ON",12
"Ignace, ON",4
"Lac Seul, ON",1
"Pickerel, ON",4
"Jordan, ON",3
"Lowbanks, ON",1
"Haldimand County, ON",3
"Baden, ON",14
"Matachewan, ON",1
"Leonard, ON",2
"Alma, ON",1
"East Garafraxa, ON",1
"Fort Frances, ON",66
"Emo, ON",14
"Rainy River, ON",8
"Barwick, ON",3
"Curran, ON",5
"Wood, ON",1
"Garden Village, ON",1
"Port Elgin, ON",22
"Belgrave, ON",2
"Walton, ON",2
"Petersburg, ON",1
"Wikwemikong, ON",1
"Greenstone, ON",5
"Nakina, ON",4
"Aroland, ON",3
"Leduc, ON",1
"Longlac, ON",5
"Beardmore, ON",1
"Geraldton, ON",9
"Grassie, ON",2
"Lincoln, ON",3
"Smithville, ON",5
"Vineland Station, ON",1
"Rockwood, ON",2
"Guelph/Eramosa, ON",1
"Flamborough, ON",2
"Hannon, ON",1
"Mildmay, ON",9
"Neustadt, ON",2
"Hornepayne, ON",4
"Hearst, ON",18
"Kapuskasing, ON",57
"Calstock, ON",1
"Way, ON",1
"Constance Lake 92, ON",1
"Val Rita, ON",1
"Verdun, ON",1
"Burks Falls, ON",2
"West Guilford, ON",1
"Staples, ON",3
"Kenora, ON",148
"Keewatin, ON",5
"Sioux Narrows, ON",2
"Code, ON",2
"White, ON",1
"Rennie, MB",1
"Moose Lake, MB",1
"West Hawk Lake, MB",1
"Marathon, ON",27
"Hemlo, ON",12
"Terrace Bay, ON",15
"White River, ON",4
"Manitouwadge, ON",4
"Davies, ON",4
"Mobert, ON",5
"Shuniah, ON",5
"Penetang, ON",1
"Norval, ON",1
"Mansfield, ON",1
"Moose Factory, ON",1
"Moosonee, ON",10
"Canfield, ON",1
"Moose, ON",1
"Thunder Bay, ON",237
"Dorion, ON",1
"Neebing, ON",1
"Sunshine, ON",2
"Milverton, ON",2
"Desboro, ON",1
"Georgian Bluffs, ON",2
"Shallow Lake, ON",1
"Nobel, ON",1
"Henvey, ON",1
"Fonthill, ON",3
"Portland, ON",1
"Maberly, ON",1
"Brigden, ON",1
"Camlachie, ON",1
"Balmertown, ON",8
"Red Lake, ON",16
"Mitchell, ON",26
"St. Paul's Bay, ON",1
"Pikangikum, ON",5
"Monkton, ON",1
"Egmondville, ON",1
"Lions Head, ON",1
"Minto, ON",2
"Paisley, ON",1
"Ripley, ON",2
"Red Bay, ON",1
"Centreville, ON",3
"Hornings Mills, ON",1
"Amberley, ON",1
"Badjeros, ON",1
"Lucknow, ON",6
"Bognor, ON",1
"Chepstow, ON",1
"Grey, ON",1
"Holstein, ON",1
"Formosa, ON",1
"Craigleith, ON",1
"Smooth Rock Falls, ON",1
"South Bruce Peninsula, ON",1
"St. Marys, ON",19
"East Zorra-Tavistock, ON",1
"La Salette, ON",1
"Downsview, ON",1
"Red Deer, AB",542
"Calgary, AB",915
"Balzac, AB",13
"Airdrie, AB",40
"Olds, AB",50
"Sundre, AB",12
"Chestermere, AB",11
"Rocky Mountain House, AB",49
"Sylvan Lake, AB",34
"Blackfalds, AB",22
"Ponoka, AB",33
"Lacombe, AB",31
"Cochrane, AB",49
"Innisfail, AB",30
"Acme, AB",2
"Rocky View County, AB",4
"Cremona, AB",1
"Three Hills, AB",7
"Bowden, AB",4
"Didsbury, AB",16
"Carstairs, AB",2
"Lyalta, AB",1
"Rocky View, AB",12
"Evergreen, AB",1
"Ponoka County, AB",2
"Penhold, AB",4
"Red Deer County, AB",20
"Alix, AB",2
"Joffre, AB",2
"Spruce View, AB",2
"Caroline, AB",5
"Mirror, AB",2
"Trochu, AB",6
"Linden, AB",5
"Crossfield, AB",24
"Rimbey, AB",9
"Brooks, AB",75
Alberta,15
"Scandia, AB",1
"Taber, AB",58
"Rolling Hills, AB",1
"Redcliff, AB",7
"Suffield, AB",8
"Bow Island, AB",8
"Fincastle, AB",1
"Burdett, AB",2
"Vulcan, AB",7
"Iron Springs, AB",5
"Pollockville, AB",1
"Grassy Lake, AB",2
"Turin, AB",1
"Vulcan County, AB",1
"Travers, AB",2
"Bassano, AB",3
"Hays, AB",2
"Arrowwood, AB",1
"Standard, AB",2
"Sunnynook, AB",1
"Medicine Hat, AB",316
"Vauxhall, AB",1
"Rainier, AB",1
"Gleichen, AB",2
"Enchant, AB",3
"Hussar, AB",1
"Edmonton, AB",706
"Camrose, AB",37
"Fort Saskatchewan, AB",62
"Redwater, AB",6
"Morinville, AB",26
"Stony Plain, AB",52
"Westlock, AB",54
"Ryley, AB",1
"St. Albert, AB",57
"Gibbons, AB",3
"Bruderheim, AB",2
"Leduc, AB",47
"Sturgeon County, AB",6
"Acheson, AB",15
"Sherwood Park, AB",60
"Nisku, AB",35
"St. Michael, AB",2
"Newbrook, AB",1
"Devon, AB",6
"Thorsby, AB",2
"Two Hills, AB",5
"Spruce Grove, AB",161
"Boyle, AB",15
"Onoway, AB",11
"Beaumont, AB",8
"Vegreville, AB",20
"Tawatinaw, AB",1
"Ardrossan, AB",1
"Wetaskiwin, AB",57
"Ermineskin 138, AB",2
"Mundare, AB",1
"Leduc County, AB",1
"Sturgeon, AB",1
"Millet, AB",6
"Thorhild, AB",4
"Calmar, AB",4
"Alberta Beach, AB",2
"Lamont, AB",1
"Calahoo, AB",1
"Goodfish Lake, AB",1
"North Edmonton, AB",1
"Roxboro, AB",1
"Canyon Meadows, AB",1
"Langdon, AB",1
"Kananaskis, AB",12
"Okotoks, AB",105
"Ferintosh, AB",1
"Westerose, AB",4
"Innisfree, AB",3
"Falun, AB",2
"Killam, AB",7
"Canmore, AB",97
"Banff, AB",154
"Bow Valley Provincial Park, AB",1
"Lake Louise, AB",68
"Dead Man's Flats, AB",1
"Kananaskis Village, AB",1
"Exshaw, AB",1
"Millarville, AB",3
"Lethbridge, AB",492
"Claresholm, AB",38
"Cardston, AB",13
"Picture Butte, AB",15
"Coaldale, AB",19
"Fort Macleod, AB",24
"Milk River, AB",10
"Stand Off, AB",3
"Lamont County, AB",1
"Blairmore, AB",5
"Crowsnest Pass, AB",6
"Raymond, AB",4
"Pincher Creek, AB",51
"Granum, AB",1
"Lethbridge County, AB",4
"Diamond City, AB",3
"Glenwood, AB",1
"Brocket, AB",2
"Nobleford, AB",1
"Coleman, AB",3
"Carway, AB",2
"Mountain View, AB",4
"Lundbreck, AB",1
"Coalhurst, AB",1
"Waterton Park, AB",1
"Waterton, AB",1
"Drumheller, AB",18
"Hanna, AB",8
"Castor, AB",4
"Galahad, AB",1
"Wainwright, AB",55
"Byemoor, AB",1
"Forestburg, AB",4
"Stettler, AB",34
"Daysland, AB",7
"Federal, AB",1
"Hardisty, AB",9
"Amisk, AB",1
"Gadsby, AB",1
"Coronation, AB",4
"Bashaw, AB",4
"Silver Heights, AB",4
"Viking, AB",4
"Rumsey, AB",1
"Donalda, AB",1
"Sedgewick, AB",2
"Lougheed, AB",1
"Consort, AB",1
"Nanton, AB",14
"Sparwood, BC",25
"High River, AB",61
"Indus, AB",2
"De Winton, AB",1
"Academy, AB",2
"Black Diamond, AB",4
"Aldersyde, AB",7
"Elkford, BC",13
"Carseland, AB",1
"Turner Valley, AB",6
"Blackie, AB",2
"Heritage Pointe, AB",2
"Lomond, AB",1
"Greenview, AB",1
"Cold Lake, AB",94
"St. Paul, AB",45
"Bonnyville, AB",81
"Sputinow, AB",1
"Elk Point, AB",7
"Onion Lake, SK",1
"Dewberry, AB",1
"La Corey, AB",1
"Loon Lake, SK",1
"Glendon, AB",1
"Provost, AB",11
"Fernie, BC",93
"Cranbrook, BC",200
"Elko, BC",2
"Lumberton, BC",1
"Fort Steele, BC",3
"Skookumchuck, BC",1
"Jaffray, BC",1
"Grasmere, BC",1
"Parkland County, AB",7
"Drayton Valley, AB",63
"Breton, AB",6
"Peers, AB",2
"Genesee, AB",3
"Evansburg, AB",1
"Buck Lake, AB",1
"Winfield, AB",2
"Wildwood, AB",1
"Mayerthorpe, AB",9
"Niton Junction, AB",4
"Strathmore, AB",11
"Eckville, AB",2
"Whitecourt, AB",86
"Edson, AB",75
"Vermilion, AB",39
"Mannville, AB",3
"Macklin, SK",3
"Edgerton, AB",1
"Auburndale, AB",2
"High Level, AB",49
"La Crête, AB",11
"Fort Vermilion, AB",10
"Valleyview, AB",32
"High Prairie, AB",26
"St. Isidore, AB",2
"McLennan, AB",2
"Grimshaw, AB",19
"Nampa, AB",1
"Eaglesham, AB",1
"Falher, AB",7
"Debolt, AB",1
"Girouxville, AB",1
"Wagner, AB",1
"Gift Lake, AB",2
"Kinuso, AB",1
"Widewater, AB",1
"Hinton, AB",124
"Jasper, AB",88
"Foothills, AB",8
"Yellowhead County, AB",3
"Cadomin, AB",1
"Delacour, AB",1
"Lac La Biche, AB",49
"Athabasca, AB",30
"Smoky Lake County, AB",2
"Grassland, AB",4
"Caslan, AB",1
"Smoky Lake, AB",17
"Plamondon, AB",2
"Vilna, AB",1
"Waskatenau, AB",1
"Wandering River, AB",1
"Spedden, AB",1
"Lloydminster, AB",161
"Lloydminster, SK",61
"Paradise Hill, SK",1
"Neilburg, SK",2
"Vawn, SK",1
"Senlac, SK",2
"St. Walburg, SK",2
"Maidstone, SK",2
"Derwent, AB",2
"Turtleford, SK",1
"Myrnam, AB",1
"Cut Knife, SK",1
"Peace River, AB",55
"Manning, AB",8
"Mackenzie County, AB",3
"Fairview, AB",29
"Dixonville, AB",1
"Brownvale, AB",1
"Barrhead, AB",27
"Swan Hills, AB",7
"Entwistle, AB",3
"Glenevis, AB",1
"Enoch, AB",2
"Fallis, AB",1
"Pembina, AB",1
"Neerlandia, AB",1
"Gunn, AB",1
"Highway, AB",4
"Darwell, AB",1
"Spring Lake, AB",1
"Fort McMurray, AB",507
"Anzac, AB",5
"Fort Mackay, AB",13
"Dunmore, AB",2
"Foremost, AB",1
"Woolchester, AB",2
"Irvine, AB",1
"Bindloss, AB",4
"Schuler, AB",3
"Golden Prairie, SK",2
"Elkwater, AB",1
"Maple Creek, SK",2
"Tofield, AB",1
"Kindersley, SK",54
"Oyen, AB",5
"Acadia Valley, AB",1
"Empress, AB",1
"Driver, SK",2
"Leader, SK",8
"Eatonia, SK",1
"Spirit River, AB",10
"Unity, SK",1
"Rainbow Lake, AB",3
"Beiseker, AB",4
"Benalto, AB",1
"Kneehill County, AB",1
"Lacombe County, AB",1
"James River Bridge, AB",1
"Mulhurst, AB",1
"Lodge, AB",1
"Alhambra, AB",1
"Springbrook, AB",1
"Rycroft, AB",8
"Clairmont, AB",19
"Grande Prairie, AB",477
"Sexsmith, AB",18
"Dimsdale, AB",1
"Hythe, AB",9
"Wembley, AB",4
"Beaverlodge, AB",20
"Silver Valley, AB",1
"County of Grande Prairie No. 1, AB",4
"Wanham, AB",2
"La Glace, AB",1
"Dawson Creek, BC",127
"Grovedale, AB",2
"Bay Tree, AB",1
"Pouce Coupe, BC",1
"Slave Lake, AB",100
"Wabasca, AB",14
"Smith, AB",2
"Wabasca-Desmarais, AB",2
"Ranch, AB",2
"Tsuu T'ina, AB",2
"Fox Creek, AB",1
"New Sarepta, AB",1
"Westlock County, AB",1
"Lac Ste. Anne County, AB",1
"Abbotsford, BC",503
"Burnaby, BC",466
"Surrey, BC",353
"Vancouver, BC",655
"Dewdney, BC",1
"Langley, BC",440
"Mission, BC",33
"New Westminster, BC",56
"Chilliwack, BC",250
"Maple Ridge, BC",48
"North Vancouver, BC",158
"Squamish, BC",9
"Aldergrove, BC",24
"Coquitlam, BC",172
"Lower Mainland, BC",39
"Delta, BC",65
"White Rock, BC",9
"Metro Vancouver Regional District, BC",17
"Cloverdale, BC",3
"West Vancouver, BC",17
"Richmond, BC",357
"Pitt Meadows, BC",19
"Sidney, BC",22
"Port Moody, BC",19
"Hope, BC",35
"Tsawwassen, BC",17
"Walnut Grove, BC",1
"South Surrey, BC",12
"Port Coquitlam, BC",129
"Saltspring Island, BC",1
"Agassiz, BC",5
"Armstrong, BC",51
"Vernon, BC",260
"Kelowna, BC",555
"Kamloops, BC",686
"Revelstoke, BC",91
"Salmon Arm, BC",86
"Coldstream, BC",4
"West Kelowna, BC",47
"Enderby, BC",22
"Sun Peaks, BC",36
"Blind Bay, BC",3
"Sicamous, BC",4
"Lumby, BC",8
"Fintry, BC",1
"Chase, BC",9
"Oyama, BC",2
"Lake Country, BC",13
"Lavington, BC",4
"Winfield, BC",4
"Westwold, BC",1
"Rutland, BC",1
"Westbank, BC",13
"Peachland, BC",4
"Naramata, BC",3
"Okanagan, BC",8
"Gellatly, BC",1
"Heffley Creek, BC",4
"Monte Lake, BC",1
"Victoria, BC",384
"Nanaimo, BC",347
"Gibsons, BC",22
"Chemainus, BC",8
"West End, BC",1
"Duncan, BC",128
"Malahat, BC",2
"Campbell River, BC",295
"Courtenay, BC",209
"Whaletown, BC",2
"Port Alberni, BC",96
"Qualicum Beach, BC",46
"Powell River, BC",77
"Heriot Bay, BC",6
"Comox, BC",51
"Ladysmith, BC",25
"Comox Valley, BC",29
"Fanny Bay, BC",4
"Cumberland, BC",17
"Headquarters, BC",14
"Egmont, BC",1
"Deep Bay, BC",1
"Van Anda, BC",2
"Madeira Park, BC",3
"Woss, BC",2
"Buckley Bay, BC",2
"Sayward, BC",1
"French Creek, BC",1
"Coombs, BC",7
"Merville, BC",6
"Gold River, BC",5
"Thurlow, BC",1
"Roy, BC",1
"Parksville, BC",75
"Gillies Bay, BC",1
"Castlegar, BC",68
"Fruitvale, BC",3
"Nelson, BC",108
"Trail, BC",81
"Canyon, BC",3
"Brilliant, BC",1
"Creston, BC",35
"Grand Forks, BC",25
"Rossland, BC",7
"Balfour, BC",1
"Montrose, BC",1
"Midway, BC",2
"Salmo, BC",3
British Columbia,35
"Christina Lake, BC",4
"Crawford Bay, BC",3
"Crescent Valley, BC",1
"Robson, BC",1
"Kaslo, BC",4
"Kitchener, BC",1
"Columbia Gardens, BC",4
"Kootenay Bay, BC",1
"New Denver, BC",2
"Rock Creek, BC",1
"Kootenay, BC",1
"Rosedale, BC",2
"Harrison Mills, BC",1
"Tulameen, BC",1
"Lindell Beach, BC",1
"Colwood, BC",10
"Langford, BC",39
"Saanich, BC",5
"Saanichton, BC",14
"Esquimalt, BC",6
"Sooke, BC",5
"Cobble Hill, BC",7
"Cowichan, BC",9
"Royal Oak, BC",1
"View Royal, BC",2
"Shawnigan Lake, BC",2
"North Saanich, BC",7
"Oak Bay, BC",1
"Sechelt, BC",38
"Tofino, BC",40
"Kimberley, BC",13
"Fort St. John, BC",314
"Moberly Lake, BC",10
"Bear Flat, BC",1
"Chetwynd, BC",40
"Tumbler Ridge, BC",10
"Taylor, BC",2
"Charlie Lake, BC",1
"Arras, BC",2
"Valley View, BC",1
"Baldonnel, BC",1
"Demmitt, AB",1
"Lake Cowichan, BC",6
"Salt Spring Island, BC",1
"Prophet River, BC",1
"Fort Nelson, BC",28
"Whistler, BC",3
"Langdale, BC",1
"Golden, BC",93
"Saskatchewan River Crossing, AB",2
"Field, BC",19
"Radium Hot Springs, BC",15
"Okanagan Falls, BC",10
"Oliver, BC",68
"Penticton, BC",365
"Osoyoos, BC",70
"Cawston, BC",7
"Okanagan-Similkameen D, BC",1
"Kaleden, BC",3
"Big White Ski, BC",2
"Summerland, BC",17
"Merritt, BC",105
"Ashcroft, BC",9
"Savona, BC",3
"Barriere, BC",4
"Cache Creek, BC",6
"Logan Lake, BC",1
"Darfield, BC",1
"Walhachin, BC",1
"Invermere, BC",2
"Panorama, BC",4
"Murrayville, BC",1
"North Delta, BC",1
"Fraser Valley Regional District, BC",6
"Princeton, BC",17
"Boston Bar, BC",5
"Copper Mountain, BC",1
"North Bend, BC",1
"Chase River, BC",1
"Cedar, BC",1
"Cassidy, BC",4
"Nanoose Bay, BC",7
"Sunshine Coast, BC",1
"Vancouver Island, BC",1
"Ucluelet, BC",13
"Errington, BC",4
"Lantzville, BC",3
"Port Renfrew, BC",1
"Nanoose, BC",1
"Gabriola, BC",1
"Port McNeill, BC",18
"Port Hardy, BC",29
"Alert Bay, BC",12
"Tahsis, BC",1
"Telegraph Cove, BC",1
"Holberg, BC",2
"Prince George, BC",659
"Vanderhoof, BC",55
"Hixon, BC",1
"Bridge, BC",1
"Prince Rupert, BC",133
"Mill Bay, BC",18
"Port Edward, BC",1
"Skeena, BC",2
"Williams Lake, BC",188
"Quesnel, BC",110
"Gibraltar, BC",4
"Thompson, BC",1
"Smithers, BC",112
"Terrace, BC",242
"Houston, BC",16
"Hazelton, BC",26
"Telkwa, BC",1
"Thornhill, BC",2
"New Hazelton, BC",3
"Kitsumkalum, BC",1
"Kitimat, BC",117
"Kitamaat Village, BC",5
"New Aiyansh, BC",8
"Gitwinksihlkw, BC",1
"100 Mile House, BC",33
"150 Mile House, BC",2
"Black Creek, BC",1
"Lac La Hache, BC",3
"Hanceville, BC",4
"Forest Grove, BC",1
"One Hundred Mile House, BC",1
"Dawson City, YT",4
"Dawson, YT",7
"Granville, YT",1
"Faro, YT",6
"Watson Lake, YT",24
"Whitehorse, YT",223
"Carcross, YT",1
"Fort Smith, NT",14
"Hay River, NT",19
"Inuvik, NT",13
"Aklavik, NT",1
"Norman Wells, NT",10
"Tulita, NT",1
"Yellowknife, NT",179
"Behchokǫ̀, NT",3
"Iqaluit, NU",83
